Protein_1,Protein_2,coregulation_score
A0A075B6I0,A0A075B6H7,5.19283148183338e-05
A0A075B6J1,A0A075B6H7,1.94748886622784e-05
A0A075B6J1,A0A075B6I0,1.9728855311292e-05
A0A075B6J9,A0A075B6H7,0.000734698495496172
A0A075B6J9,A0A075B6I0,4.23423245837732e-05
A0A075B6J9,A0A075B6J1,1.1683956692253e-05
A0A075B6K4,A0A075B6H7,0.00106064912272941
A0A075B6K4,A0A075B6I0,1.56960096653302e-05
A0A075B6K4,A0A075B6J1,1.90060079055006e-05
A0A075B6K4,A0A075B6J9,0.000193320176807608
A0A075B6K5,A0A075B6H7,0.00154777221756201
A0A075B6K5,A0A075B6I0,2.3501203815843e-05
A0A075B6K5,A0A075B6J1,9.42395611166076e-06
A0A075B6K5,A0A075B6J9,0.000244029800207208
A0A075B6K5,A0A075B6K4,0.00834466755633222
A0A075B6Q5,A0A075B6H7,4.00093411508446e-06
A0A075B6Q5,A0A075B6I0,1.03225359480401e-05
A0A075B6Q5,A0A075B6J1,7.23502347885318e-05
A0A075B6Q5,A0A075B6J9,3.69427437269403e-06
A0A075B6Q5,A0A075B6K4,7.04555789211122e-06
A0A075B6Q5,A0A075B6K5,4.31032846625729e-06
A0A075B6S2,A0A075B6H7,3.32084819484787e-05
A0A075B6S2,A0A075B6I0,2.47405612508086e-05
A0A075B6S2,A0A075B6J1,2.17460927506012e-05
A0A075B6S2,A0A075B6J9,3.38826684677983e-05
A0A075B6S2,A0A075B6K4,1.59780231976008e-05
A0A075B6S2,A0A075B6K5,8.14319381247435e-06
A0A075B6S2,A0A075B6Q5,1.64553177651257e-05
A0A087WSX0,A0A075B6H7,0.00103120909925363
A0A087WSX0,A0A075B6I0,5.3906578154421e-05
A0A087WSX0,A0A075B6J1,1.26895809932689e-05
A0A087WSX0,A0A075B6J9,0.000924142547255538
A0A087WSX0,A0A075B6K4,0.00141939086718629
A0A087WSX0,A0A075B6K5,0.000461758842436196
A0A087WSX0,A0A075B6Q5,4.90168184874867e-06
A0A087WSX0,A0A075B6S2,3.07432763977229e-05
A0A087WSY6,A0A075B6H7,0.00369861998534251
A0A087WSY6,A0A075B6I0,9.00598589859299e-05
A0A087WSY6,A0A075B6J1,2.23454682753015e-05
A0A087WSY6,A0A075B6J9,0.000239511196707083
A0A087WSY6,A0A075B6K4,0.000948797988750009
A0A087WSY6,A0A075B6K5,0.000634386735500157
A0A087WSY6,A0A075B6Q5,4.15844461943759e-06
A0A087WSY6,A0A075B6S2,1.20941042315456e-05
A0A087WSY6,A0A087WSX0,0.00208630263688161
A0A087WSZ0,A0A075B6H7,9.61389426530847e-05
A0A087WSZ0,A0A075B6I0,5.65406555266656e-05
A0A087WSZ0,A0A075B6J1,1.42238100294046e-05
A0A087WSZ0,A0A075B6J9,9.86058447633824e-05
A0A087WSZ0,A0A075B6K4,0.000146820656869639
A0A087WSZ0,A0A075B6K5,9.5322444118479e-05
A0A087WSZ0,A0A075B6Q5,8.0261700271878e-06
A0A087WSZ0,A0A075B6S2,2.97273102008747e-05
A0A087WSZ0,A0A087WSX0,5.65338045724812e-05
A0A087WSZ0,A0A087WSY6,0.000125162109813913
A0A0A0MS15,A0A075B6H7,0.00249575585412555
A0A0A0MS15,A0A075B6I0,8.02796869339706e-05
A0A0A0MS15,A0A075B6J1,1.8346537683238e-05
A0A0A0MS15,A0A075B6J9,0.000391053654860627
A0A0A0MS15,A0A075B6K4,0.00100849564690568
A0A0A0MS15,A0A075B6K5,0.000322504059581175
A0A0A0MS15,A0A075B6Q5,1.03939185674496e-05
A0A0A0MS15,A0A075B6S2,4.40445188300791e-05
A0A0A0MS15,A0A087WSX0,0.00156677814226544
A0A0A0MS15,A0A087WSY6,0.000673460861177079
A0A0A0MS15,A0A087WSZ0,0.000165449136279576
A0A0A0MT36,A0A075B6H7,8.28637979795747e-05
A0A0A0MT36,A0A075B6I0,2.33732075861115e-05
A0A0A0MT36,A0A075B6J1,9.21780680934525e-06
A0A0A0MT36,A0A075B6J9,2.59329344893426e-05
A0A0A0MT36,A0A075B6K4,4.77101720539989e-05
A0A0A0MT36,A0A075B6K5,0.000238168940164656
A0A0A0MT36,A0A075B6Q5,1.26057291642053e-05
A0A0A0MT36,A0A075B6S2,8.73511272699927e-06
A0A0A0MT36,A0A087WSX0,0.00020647482681814
A0A0A0MT36,A0A087WSY6,8.62714098147679e-05
A0A0A0MT36,A0A087WSZ0,3.71506241520439e-05
A0A0A0MT36,A0A0A0MS15,0.000238747455955506
A0A0B4J1U7,A0A075B6H7,3.83099755179174e-05
A0A0B4J1U7,A0A075B6I0,6.34691794241966e-05
A0A0B4J1U7,A0A075B6J1,4.79345715259069e-05
A0A0B4J1U7,A0A075B6J9,4.4996874482972e-05
A0A0B4J1U7,A0A075B6K4,5.37668342568591e-05
A0A0B4J1U7,A0A075B6K5,1.83221217176144e-05
A0A0B4J1U7,A0A075B6Q5,3.80865124216246e-05
A0A0B4J1U7,A0A075B6S2,3.09414559409892e-05
A0A0B4J1U7,A0A087WSX0,3.66540519193835e-05
A0A0B4J1U7,A0A087WSY6,4.47592430543311e-05
A0A0B4J1U7,A0A087WSZ0,4.63759306684601e-05
A0A0B4J1U7,A0A0A0MS15,8.13054473646755e-05
A0A0B4J1U7,A0A0A0MT36,2.70082319765174e-05
A0A0B4J1V0,A0A075B6H7,0.000832401268431508
A0A0B4J1V0,A0A075B6I0,6.9941564433549e-05
A0A0B4J1V0,A0A075B6J1,1.02400317942674e-05
A0A0B4J1V0,A0A075B6J9,0.000538292929646286
A0A0B4J1V0,A0A075B6K4,0.000956809778407904
A0A0B4J1V0,A0A075B6K5,0.000560577769649736
A0A0B4J1V0,A0A075B6Q5,6.64470361024674e-06
A0A0B4J1V0,A0A075B6S2,2.24858990732103e-05
A0A0B4J1V0,A0A087WSX0,0.00386550784972863
A0A0B4J1V0,A0A087WSY6,0.001975392059823
A0A0B4J1V0,A0A087WSZ0,0.000357254149773747
A0A0B4J1V0,A0A0A0MS15,0.00196944282460856
A0A0B4J1V0,A0A0A0MT36,0.000150196300645608
A0A0B4J1V0,A0A0B4J1U7,2.61261097797024e-05
A0A0B4J1V6,A0A075B6H7,3.88032288138348e-06
A0A0B4J1V6,A0A075B6I0,1.51962432566734e-05
A0A0B4J1V6,A0A075B6J1,5.25874186627878e-06
A0A0B4J1V6,A0A075B6J9,5.36093223918901e-06
A0A0B4J1V6,A0A075B6K4,2.66815290073655e-06
A0A0B4J1V6,A0A075B6K5,3.61147383371575e-06
A0A0B4J1V6,A0A075B6Q5,1.54531244486399e-05
A0A0B4J1V6,A0A075B6S2,1.59735519653742e-05
A0A0B4J1V6,A0A087WSX0,5.26760175427758e-06
A0A0B4J1V6,A0A087WSY6,2.9803411933843e-06
A0A0B4J1V6,A0A087WSZ0,1.18194420103938e-05
A0A0B4J1V6,A0A0A0MS15,4.35728029714441e-06
A0A0B4J1V6,A0A0A0MT36,4.23303057309301e-06
A0A0B4J1V6,A0A0B4J1U7,1.80264537893442e-05
A0A0B4J1V6,A0A0B4J1V0,4.99246321076822e-06
A0A0B4J1X5,A0A075B6H7,0.00174666991593984
A0A0B4J1X5,A0A075B6I0,0.000107335175987565
A0A0B4J1X5,A0A075B6J1,8.28386471738708e-06
A0A0B4J1X5,A0A075B6J9,0.000466250340302696
A0A0B4J1X5,A0A075B6K4,0.00155582645731653
A0A0B4J1X5,A0A075B6K5,0.000967297612194421
A0A0B4J1X5,A0A075B6Q5,6.23070391528095e-06
A0A0B4J1X5,A0A075B6S2,2.11731054953069e-05
A0A0B4J1X5,A0A087WSX0,0.00246342808609013
A0A0B4J1X5,A0A087WSY6,0.00529131323873436
A0A0B4J1X5,A0A087WSZ0,0.000433014934215483
A0A0B4J1X5,A0A0A0MS15,0.00195925487019251
A0A0B4J1X5,A0A0A0MT36,0.000160269251495623
A0A0B4J1X5,A0A0B4J1U7,2.38276115819806e-05
A0A0B4J1X5,A0A0B4J1V0,0.0424932360806349
A0A0B4J1X5,A0A0B4J1V6,2.54035758771846e-06
A0A0B4J1Y9,A0A075B6H7,0.000176276406088711
A0A0B4J1Y9,A0A075B6I0,0.00023246957595149
A0A0B4J1Y9,A0A075B6J1,1.28524001412663e-05
A0A0B4J1Y9,A0A075B6J9,8.85554261775886e-05
A0A0B4J1Y9,A0A075B6K4,0.000108789455004315
A0A0B4J1Y9,A0A075B6K5,6.67819260851139e-05
A0A0B4J1Y9,A0A075B6Q5,5.98225007882771e-06
A0A0B4J1Y9,A0A075B6S2,2.27620593776152e-05
A0A0B4J1Y9,A0A087WSX0,0.000203736936398163
A0A0B4J1Y9,A0A087WSY6,0.000479138826918677
A0A0B4J1Y9,A0A087WSZ0,0.000316669328390542
A0A0B4J1Y9,A0A0A0MS15,0.000309078203609053
A0A0B4J1Y9,A0A0A0MT36,8.86555289906044e-05
A0A0B4J1Y9,A0A0B4J1U7,9.76555074408381e-05
A0A0B4J1Y9,A0A0B4J1V0,0.0012687628129455
A0A0B4J1Y9,A0A0B4J1V6,7.25566024811186e-06
A0A0B4J1Y9,A0A0B4J1X5,0.000966027064852387
A0A0C4DH24,A0A075B6H7,1.46668109788965e-05
A0A0C4DH24,A0A075B6I0,1.55921565786463e-05
A0A0C4DH24,A0A075B6J1,1.56049901855135e-05
A0A0C4DH24,A0A075B6J9,1.35107356386934e-05
A0A0C4DH24,A0A075B6K4,8.14171253067008e-06
A0A0C4DH24,A0A075B6K5,6.76427029340875e-06
A0A0C4DH24,A0A075B6Q5,6.3614862524593e-05
A0A0C4DH24,A0A075B6S2,1.2530413432361e-05
A0A0C4DH24,A0A087WSX0,9.78766417367415e-06
A0A0C4DH24,A0A087WSY6,1.77933546832366e-05
A0A0C4DH24,A0A087WSZ0,5.79506572562578e-05
A0A0C4DH24,A0A0A0MS15,1.60173565566605e-05
A0A0C4DH24,A0A0A0MT36,7.37952645840844e-06
A0A0C4DH24,A0A0B4J1U7,5.76683202618014e-05
A0A0C4DH24,A0A0B4J1V0,2.38808692371789e-05
A0A0C4DH24,A0A0B4J1V6,2.93961153961925e-05
A0A0C4DH24,A0A0B4J1X5,1.58777810044039e-05
A0A0C4DH24,A0A0B4J1Y9,1.58037795104761e-05
A0A0C4DH25,A0A075B6H7,0.00590986562259042
A0A0C4DH25,A0A075B6I0,0.000111468064473395
A0A0C4DH25,A0A075B6J1,2.84026514395325e-05
A0A0C4DH25,A0A075B6J9,0.000739365461447583
A0A0C4DH25,A0A075B6K4,0.00274094318522237
A0A0C4DH25,A0A075B6K5,0.00136985669670717
A0A0C4DH25,A0A075B6Q5,8.44010083839501e-06
A0A0C4DH25,A0A075B6S2,3.750848397049e-05
A0A0C4DH25,A0A087WSX0,0.00529501895680504
A0A0C4DH25,A0A087WSY6,0.0194985530880972
A0A0C4DH25,A0A087WSZ0,0.000196363046166843
A0A0C4DH25,A0A0A0MS15,0.00325100857251342
A0A0C4DH25,A0A0A0MT36,0.000322580367193208
A0A0C4DH25,A0A0B4J1U7,0.000130091534273142
A0A0C4DH25,A0A0B4J1V0,0.00312754425442454
A0A0C4DH25,A0A0B4J1V6,4.18128104144258e-06
A0A0C4DH25,A0A0B4J1X5,0.00837564857988889
A0A0C4DH25,A0A0B4J1Y9,0.000723672262504847
A0A0C4DH25,A0A0C4DH24,1.49118419327409e-05
A0A0C4DH29,A0A075B6H7,0.000238295144018637
A0A0C4DH29,A0A075B6I0,4.86830709037237e-05
A0A0C4DH29,A0A075B6J1,1.0178377096972e-05
A0A0C4DH29,A0A075B6J9,0.000128433211706467
A0A0C4DH29,A0A075B6K4,9.19348726767988e-05
A0A0C4DH29,A0A075B6K5,9.02758320133601e-05
A0A0C4DH29,A0A075B6Q5,4.77546902297731e-06
A0A0C4DH29,A0A075B6S2,6.08707199363964e-05
A0A0C4DH29,A0A087WSX0,0.000173233081997127
A0A0C4DH29,A0A087WSY6,0.000127185073145549
A0A0C4DH29,A0A087WSZ0,7.95480208603647e-05
A0A0C4DH29,A0A0A0MS15,0.00198832990328021
A0A0C4DH29,A0A0A0MT36,0.000155010782126589
A0A0C4DH29,A0A0B4J1U7,2.00107296053084e-05
A0A0C4DH29,A0A0B4J1V0,0.000487031033603622
A0A0C4DH29,A0A0B4J1V6,3.19266097842238e-06
A0A0C4DH29,A0A0B4J1X5,0.000426071801220423
A0A0C4DH29,A0A0B4J1Y9,7.13704738283929e-05
A0A0C4DH29,A0A0C4DH24,1.84000589551079e-05
A0A0C4DH29,A0A0C4DH25,0.000453305562669807
A0A0C4DH31,A0A075B6H7,0.000171194183420072
A0A0C4DH31,A0A075B6I0,1.29108657209105e-05
A0A0C4DH31,A0A075B6J1,6.04643000504691e-06
A0A0C4DH31,A0A075B6J9,0.000118166880346865
A0A0C4DH31,A0A075B6K4,0.000156026491854065
A0A0C4DH31,A0A075B6K5,5.89873157439911e-05
A0A0C4DH31,A0A075B6Q5,9.080651498811e-06
A0A0C4DH31,A0A075B6S2,2.50827695790935e-05
A0A0C4DH31,A0A087WSX0,0.000129594718748951
A0A0C4DH31,A0A087WSY6,0.000155637338904787
A0A0C4DH31,A0A087WSZ0,6.51316218135682e-05
A0A0C4DH31,A0A0A0MS15,0.00131942573260314
A0A0C4DH31,A0A0A0MT36,0.000110444054471385
A0A0C4DH31,A0A0B4J1U7,7.4697066336739e-05
A0A0C4DH31,A0A0B4J1V0,0.000241342649296862
A0A0C4DH31,A0A0B4J1V6,5.34388572193827e-06
A0A0C4DH31,A0A0B4J1X5,0.00015765956913252
A0A0C4DH31,A0A0B4J1Y9,0.000556318117819068
A0A0C4DH31,A0A0C4DH24,1.02352071891586e-05
A0A0C4DH31,A0A0C4DH25,0.000762391795612851
A0A0C4DH31,A0A0C4DH29,0.000382637299858685
A0A0C4DH36,A0A075B6H7,1.0307716419863e-05
A0A0C4DH36,A0A075B6I0,1.81671794693301e-05
A0A0C4DH36,A0A075B6J1,1.11428228202277e-05
A0A0C4DH36,A0A075B6J9,4.24650032050846e-06
A0A0C4DH36,A0A075B6K4,8.71019842427775e-06
A0A0C4DH36,A0A075B6K5,1.11997207979271e-05
A0A0C4DH36,A0A075B6Q5,2.26180502612579e-05
A0A0C4DH36,A0A075B6S2,9.89839793696467e-06
A0A0C4DH36,A0A087WSX0,1.16807450831012e-05
A0A0C4DH36,A0A087WSY6,6.6250226796295e-06
A0A0C4DH36,A0A087WSZ0,1.88823399078337e-05
A0A0C4DH36,A0A0A0MS15,2.88238265375493e-05
A0A0C4DH36,A0A0A0MT36,1.10788252565079e-05
A0A0C4DH36,A0A0B4J1U7,1.9605942157556e-05
A0A0C4DH36,A0A0B4J1V0,1.15265447671826e-05
A0A0C4DH36,A0A0B4J1V6,1.06384137532737e-05
A0A0C4DH36,A0A0B4J1X5,8.24694162530921e-06
A0A0C4DH36,A0A0B4J1Y9,1.1968654753133e-05
A0A0C4DH36,A0A0C4DH24,1.13616946746902e-05
A0A0C4DH36,A0A0C4DH25,2.15758166484451e-05
A0A0C4DH36,A0A0C4DH29,8.16522332197148e-06
A0A0C4DH36,A0A0C4DH31,2.40432081507189e-05
A0A0C4DH38,A0A075B6H7,0.00171050347055656
A0A0C4DH38,A0A075B6I0,0.000149756011886383
A0A0C4DH38,A0A075B6J1,1.12818130958453e-05
A0A0C4DH38,A0A075B6J9,0.00050675468056482
A0A0C4DH38,A0A075B6K4,0.000607347786430923
A0A0C4DH38,A0A075B6K5,0.000418246045071285
A0A0C4DH38,A0A075B6Q5,1.08201402984787e-05
A0A0C4DH38,A0A075B6S2,5.80513301871407e-05
A0A0C4DH38,A0A087WSX0,0.00164343511651288
A0A0C4DH38,A0A087WSY6,0.00163701954878824
A0A0C4DH38,A0A087WSZ0,0.000484948051011694
A0A0C4DH38,A0A0A0MS15,0.00519513962061982
A0A0C4DH38,A0A0A0MT36,0.000193310906258976
A0A0C4DH38,A0A0B4J1U7,7.98851470991561e-05
A0A0C4DH38,A0A0B4J1V0,0.00306318744779828
A0A0C4DH38,A0A0B4J1V6,1.26193974866777e-05
A0A0C4DH38,A0A0B4J1X5,0.00493513011786855
A0A0C4DH38,A0A0B4J1Y9,0.000286704339564667
A0A0C4DH38,A0A0C4DH24,2.66655818765909e-05
A0A0C4DH38,A0A0C4DH25,0.00846571772596064
A0A0C4DH38,A0A0C4DH29,0.00120252597257417
A0A0C4DH38,A0A0C4DH31,0.00065084526557573
A0A0C4DH38,A0A0C4DH36,1.65375575833642e-05
A0A0J9YX35,A0A075B6H7,4.46190832816014e-05
A0A0J9YX35,A0A075B6I0,2.61649548932415e-05
A0A0J9YX35,A0A075B6J1,4.5604391215984e-06
A0A0J9YX35,A0A075B6J9,1.13205250110105e-05
A0A0J9YX35,A0A075B6K4,1.63246271718684e-05
A0A0J9YX35,A0A075B6K5,1.12563364427053e-05
A0A0J9YX35,A0A075B6Q5,6.58891139938688e-06
A0A0J9YX35,A0A075B6S2,8.6101638273294e-06
A0A0J9YX35,A0A087WSX0,1.69370376697141e-05
A0A0J9YX35,A0A087WSY6,0.000146297017427966
A0A0J9YX35,A0A087WSZ0,5.22394755518986e-05
A0A0J9YX35,A0A0A0MS15,2.66808728347259e-05
A0A0J9YX35,A0A0A0MT36,1.0094468207389e-05
A0A0J9YX35,A0A0B4J1U7,3.04382617573564e-05
A0A0J9YX35,A0A0B4J1V0,4.72328237128299e-05
A0A0J9YX35,A0A0B4J1V6,9.48326719404452e-06
A0A0J9YX35,A0A0B4J1X5,9.85978266941147e-05
A0A0J9YX35,A0A0B4J1Y9,9.94170398792938e-05
A0A0J9YX35,A0A0C4DH24,1.29579963073914e-05
A0A0J9YX35,A0A0C4DH25,6.9088304412602e-05
A0A0J9YX35,A0A0C4DH29,3.01577782331354e-05
A0A0J9YX35,A0A0C4DH31,6.63542772460799e-05
A0A0J9YX35,A0A0C4DH36,1.98577247319571e-05
A0A0J9YX35,A0A0C4DH38,3.74094925853081e-05
A0AVT1,A0A075B6H7,6.09729721645694e-06
A0AVT1,A0A075B6I0,4.21918453448482e-05
A0AVT1,A0A075B6J1,5.8887481453571e-05
A0AVT1,A0A075B6J9,1.08136422990446e-05
A0AVT1,A0A075B6K4,6.15254980499873e-06
A0AVT1,A0A075B6K5,5.41149095518343e-06
A0AVT1,A0A075B6Q5,0.000162097537645264
A0AVT1,A0A075B6S2,1.28630137436579e-05
A0AVT1,A0A087WSX0,7.81466375209042e-06
A0AVT1,A0A087WSY6,7.09842972755576e-06
A0AVT1,A0A087WSZ0,1.30190779123736e-05
A0AVT1,A0A0A0MS15,1.28177562322046e-05
A0AVT1,A0A0A0MT36,1.29609334391914e-05
A0AVT1,A0A0B4J1U7,9.63458284590748e-05
A0AVT1,A0A0B4J1V0,7.66445568664428e-06
A0AVT1,A0A0B4J1V6,0.000128421122544835
A0AVT1,A0A0B4J1X5,5.80124272821272e-06
A0AVT1,A0A0B4J1Y9,1.16896291318186e-05
A0AVT1,A0A0C4DH24,0.000231514817877394
A0AVT1,A0A0C4DH25,1.17538621210169e-05
A0AVT1,A0A0C4DH29,7.70403206529204e-06
A0AVT1,A0A0C4DH31,1.28939328682603e-05
A0AVT1,A0A0C4DH36,4.20151994081209e-05
A0AVT1,A0A0C4DH38,1.99049802510957e-05
A0AVT1,A0A0J9YX35,1.05958316166461e-05
A0FGR8,A0A075B6H7,1.09866456657772e-05
A0FGR8,A0A075B6I0,4.572115960105e-05
A0FGR8,A0A075B6J1,5.21632203862786e-05
A0FGR8,A0A075B6J9,1.21516066228305e-05
A0FGR8,A0A075B6K4,8.28039846992578e-06
A0FGR8,A0A075B6K5,7.61116748398389e-06
A0FGR8,A0A075B6Q5,0.000112393842041878
A0FGR8,A0A075B6S2,3.31598144421845e-05
A0FGR8,A0A087WSX0,7.13721866397713e-06
A0FGR8,A0A087WSY6,1.11003890811188e-05
A0FGR8,A0A087WSZ0,3.5542202413178e-05
A0FGR8,A0A0A0MS15,1.77621006426943e-05
A0FGR8,A0A0A0MT36,1.39495515283511e-05
A0FGR8,A0A0B4J1U7,0.000122174001973614
A0FGR8,A0A0B4J1V0,1.24685532331547e-05
A0FGR8,A0A0B4J1V6,6.23351235540707e-05
A0FGR8,A0A0B4J1X5,9.42027381070423e-06
A0FGR8,A0A0B4J1Y9,2.0892608996441e-05
A0FGR8,A0A0C4DH24,0.000253391676642144
A0FGR8,A0A0C4DH25,1.60713753890958e-05
A0FGR8,A0A0C4DH29,1.73132378331361e-05
A0FGR8,A0A0C4DH31,1.95558168902952e-05
A0FGR8,A0A0C4DH36,3.81294541338703e-05
A0FGR8,A0A0C4DH38,4.44104287956267e-05
A0FGR8,A0A0J9YX35,1.41555042580332e-05
A0FGR8,A0AVT1,0.00136718390800773
A0MZ66,A0A075B6H7,3.59262606230366e-06
A0MZ66,A0A075B6I0,3.3684586592428e-05
A0MZ66,A0A075B6J1,3.23314622527937e-05
A0MZ66,A0A075B6J9,5.95675996506355e-06
A0MZ66,A0A075B6K4,4.04878556311987e-06
A0MZ66,A0A075B6K5,3.2452344810106e-06
A0MZ66,A0A075B6Q5,8.28280912192098e-05
A0MZ66,A0A075B6S2,7.88296329112098e-06
A0MZ66,A0A087WSX0,4.44192994017647e-06
A0MZ66,A0A087WSY6,4.1392444937998e-06
A0MZ66,A0A087WSZ0,6.25170914007556e-06
A0MZ66,A0A0A0MS15,7.65538958147654e-06
A0MZ66,A0A0A0MT36,7.02477591572444e-06
A0MZ66,A0A0B4J1U7,5.04377719249936e-05
A0MZ66,A0A0B4J1V0,5.34949983311572e-06
A0MZ66,A0A0B4J1V6,0.000183613017684112
A0MZ66,A0A0B4J1X5,3.41762248394224e-06
A0MZ66,A0A0B4J1Y9,6.94827333645075e-06
A0MZ66,A0A0C4DH24,0.000124354753954818
A0MZ66,A0A0C4DH25,6.62710056626236e-06
A0MZ66,A0A0C4DH29,5.67807961736398e-06
A0MZ66,A0A0C4DH31,9.48205700359594e-06
A0MZ66,A0A0C4DH36,5.45579593045777e-05
A0MZ66,A0A0C4DH38,1.21155451997983e-05
A0MZ66,A0A0J9YX35,1.08231799996716e-05
A0MZ66,A0AVT1,0.00303309731345134
A0MZ66,A0FGR8,0.000336175323738936
A1A4S6,A0A075B6H7,1.08232223776802e-05
A1A4S6,A0A075B6I0,1.74234511436848e-05
A1A4S6,A0A075B6J1,4.72937755303892e-05
A1A4S6,A0A075B6J9,5.98427390628606e-06
A1A4S6,A0A075B6K4,1.05718968675223e-05
A1A4S6,A0A075B6K5,7.18875197384972e-06
A1A4S6,A0A075B6Q5,3.69181442266115e-05
A1A4S6,A0A075B6S2,7.43749079219143e-06
A1A4S6,A0A087WSX0,6.97685891014962e-06
A1A4S6,A0A087WSY6,1.80515875837423e-05
A1A4S6,A0A087WSZ0,2.12171824360154e-05
A1A4S6,A0A0A0MS15,1.52899736659101e-05
A1A4S6,A0A0A0MT36,1.31035173774769e-05
A1A4S6,A0A0B4J1U7,0.000166208398285386
A1A4S6,A0A0B4J1V0,8.35600155163544e-06
A1A4S6,A0A0B4J1V6,3.0440832721796e-05
A1A4S6,A0A0B4J1X5,9.84196735503505e-06
A1A4S6,A0A0B4J1Y9,2.20710362217237e-05
A1A4S6,A0A0C4DH24,9.89347174043107e-05
A1A4S6,A0A0C4DH25,2.11641619490295e-05
A1A4S6,A0A0C4DH29,7.10295437732643e-06
A1A4S6,A0A0C4DH31,1.94445723500951e-05
A1A4S6,A0A0C4DH36,1.65037203051344e-05
A1A4S6,A0A0C4DH38,2.19938557209125e-05
A1A4S6,A0A0J9YX35,1.34286412831216e-05
A1A4S6,A0AVT1,0.000314495878166285
A1A4S6,A0FGR8,0.000305806468025282
A1A4S6,A0MZ66,0.000305730778389792
A1A5D9,A0A075B6H7,5.83384095596467e-06
A1A5D9,A0A075B6I0,1.95502313927577e-05
A1A5D9,A0A075B6J1,2.84328485880578e-05
A1A5D9,A0A075B6J9,6.19035406396609e-06
A1A5D9,A0A075B6K4,3.51646791286384e-06
A1A5D9,A0A075B6K5,4.32145094188939e-06
A1A5D9,A0A075B6Q5,6.22878355696475e-05
A1A5D9,A0A075B6S2,5.95900832608765e-06
A1A5D9,A0A087WSX0,1.10902638920109e-05
A1A5D9,A0A087WSY6,7.63659417074738e-06
A1A5D9,A0A087WSZ0,6.51826853509888e-06
A1A5D9,A0A0A0MS15,5.2891455035404e-06
A1A5D9,A0A0A0MT36,9.26781164926898e-06
A1A5D9,A0A0B4J1U7,4.92154027910868e-05
A1A5D9,A0A0B4J1V0,4.03638046154105e-06
A1A5D9,A0A0B4J1V6,6.1500145674626e-05
A1A5D9,A0A0B4J1X5,3.36217302280238e-06
A1A5D9,A0A0B4J1Y9,6.67486722895618e-06
A1A5D9,A0A0C4DH24,7.03524848635289e-05
A1A5D9,A0A0C4DH25,1.19880215582984e-05
A1A5D9,A0A0C4DH29,5.5343667867032e-06
A1A5D9,A0A0C4DH31,6.29922911313545e-06
A1A5D9,A0A0C4DH36,3.56486382924284e-05
A1A5D9,A0A0C4DH38,8.88567790183291e-06
A1A5D9,A0A0J9YX35,1.03118334798456e-05
A1A5D9,A0AVT1,0.000626094862098959
A1A5D9,A0FGR8,0.000125635735865876
A1A5D9,A0MZ66,0.000747247218892751
A1A5D9,A1A4S6,8.54820637275901e-05
A1IGU5,A0A075B6H7,3.03466514787147e-06
A1IGU5,A0A075B6I0,1.94147036924991e-05
A1IGU5,A0A075B6J1,3.35637267517703e-05
A1IGU5,A0A075B6J9,3.97969971579962e-06
A1IGU5,A0A075B6K4,2.795329539925e-06
A1IGU5,A0A075B6K5,2.94005947654202e-06
A1IGU5,A0A075B6Q5,0.000153328789667029
A1IGU5,A0A075B6S2,6.51728551798045e-06
A1IGU5,A0A087WSX0,3.32721694147664e-06
A1IGU5,A0A087WSY6,2.89997677373077e-06
A1IGU5,A0A087WSZ0,6.74210533906233e-06
A1IGU5,A0A0A0MS15,5.69038910820856e-06
A1IGU5,A0A0A0MT36,5.48209361603211e-06
A1IGU5,A0A0B4J1U7,6.80755133200908e-05
A1IGU5,A0A0B4J1V0,5.0910860319001e-06
A1IGU5,A0A0B4J1V6,4.95340241749087e-05
A1IGU5,A0A0B4J1X5,2.51394862723215e-06
A1IGU5,A0A0B4J1Y9,9.24940161273436e-06
A1IGU5,A0A0C4DH24,7.26924969721925e-05
A1IGU5,A0A0C4DH25,4.48741623786433e-06
A1IGU5,A0A0C4DH29,3.63315889166664e-06
A1IGU5,A0A0C4DH31,1.02983406438253e-05
A1IGU5,A0A0C4DH36,4.53778387530087e-05
A1IGU5,A0A0C4DH38,7.49917686333922e-06
A1IGU5,A0A0J9YX35,1.43486923707702e-05
A1IGU5,A0AVT1,0.000632126699294111
A1IGU5,A0FGR8,0.000172766585831869
A1IGU5,A0MZ66,0.0010392095709598
A1IGU5,A1A4S6,0.000204024541208603
A1IGU5,A1A5D9,0.000443266395685034
A1L0T0,A0A075B6H7,9.31147278226035e-06
A1L0T0,A0A075B6I0,2.2907404641222e-05
A1L0T0,A0A075B6J1,1.87077440254619e-05
A1L0T0,A0A075B6J9,8.48109355946872e-06
A1L0T0,A0A075B6K4,6.05459204687485e-06
A1L0T0,A0A075B6K5,5.18777161725176e-06
A1L0T0,A0A075B6Q5,5.73010793294431e-05
A1L0T0,A0A075B6S2,4.80270518710203e-05
A1L0T0,A0A087WSX0,4.72140885016744e-06
A1L0T0,A0A087WSY6,9.25440030487369e-06
A1L0T0,A0A087WSZ0,5.29784825054738e-05
A1L0T0,A0A0A0MS15,1.95907247771674e-05
A1L0T0,A0A0A0MT36,1.19812860173349e-05
A1L0T0,A0A0B4J1U7,8.28867180387088e-05
A1L0T0,A0A0B4J1V0,8.65339029201421e-06
A1L0T0,A0A0B4J1V6,1.76691041995972e-05
A1L0T0,A0A0B4J1X5,7.03294360974459e-06
A1L0T0,A0A0B4J1Y9,1.77745780408983e-05
A1L0T0,A0A0C4DH24,9.76229416693662e-05
A1L0T0,A0A0C4DH25,9.83250085571224e-06
A1L0T0,A0A0C4DH29,1.83229896186396e-05
A1L0T0,A0A0C4DH31,9.88842296531455e-06
A1L0T0,A0A0C4DH36,2.1142574549718e-05
A1L0T0,A0A0C4DH38,2.47407442074025e-05
A1L0T0,A0A0J9YX35,6.59174580189755e-06
A1L0T0,A0AVT1,0.000135288595323049
A1L0T0,A0FGR8,0.00125457403129425
A1L0T0,A0MZ66,5.39751648106763e-05
A1L0T0,A1A4S6,5.9618149448457e-05
A1L0T0,A1A5D9,3.15616012574864e-05
A1L0T0,A1IGU5,5.30497778286631e-05
A1X283,A0A075B6H7,5.1745197984703e-06
A1X283,A0A075B6I0,1.73565873114238e-05
A1X283,A0A075B6J1,3.57625987142811e-05
A1X283,A0A075B6J9,4.87780942791263e-06
A1X283,A0A075B6K4,5.63437961763001e-06
A1X283,A0A075B6K5,3.45587224747033e-06
A1X283,A0A075B6Q5,5.22056600182806e-05
A1X283,A0A075B6S2,2.0889237606321e-05
A1X283,A0A087WSX0,4.73887203105878e-06
A1X283,A0A087WSY6,5.52169037408546e-06
A1X283,A0A087WSZ0,1.84923106633029e-05
A1X283,A0A0A0MS15,8.9867783993955e-06
A1X283,A0A0A0MT36,1.03197912718135e-05
A1X283,A0A0B4J1U7,2.68210733592239e-05
A1X283,A0A0B4J1V0,7.50964607318676e-06
A1X283,A0A0B4J1V6,6.405150503933e-05
A1X283,A0A0B4J1X5,1.01262950853926e-05
A1X283,A0A0B4J1Y9,1.33416037522225e-05
A1X283,A0A0C4DH24,0.000109428881112273
A1X283,A0A0C4DH25,7.66153092211825e-06
A1X283,A0A0C4DH29,8.331971751457e-06
A1X283,A0A0C4DH31,6.41331414955216e-06
A1X283,A0A0C4DH36,1.61174921899218e-05
A1X283,A0A0C4DH38,1.06277835348957e-05
A1X283,A0A0J9YX35,8.88909030855868e-06
A1X283,A0AVT1,0.000295611022706839
A1X283,A0FGR8,0.000366705148051655
A1X283,A0MZ66,0.000197645657788194
A1X283,A1A4S6,0.000129151898814311
A1X283,A1A5D9,9.36017907989849e-05
A1X283,A1IGU5,6.00214098422219e-05
A1X283,A1L0T0,6.68141282154785e-05
A2A3N6,A0A075B6H7,5.68436830539201e-06
A2A3N6,A0A075B6I0,2.07648099150945e-05
A2A3N6,A0A075B6J1,4.59763731167245e-05
A2A3N6,A0A075B6J9,6.81546171057424e-06
A2A3N6,A0A075B6K4,3.52115548246516e-06
A2A3N6,A0A075B6K5,3.07921795959402e-06
A2A3N6,A0A075B6Q5,6.89414483527606e-05
A2A3N6,A0A075B6S2,1.4249078111823e-05
A2A3N6,A0A087WSX0,4.69930869337168e-06
A2A3N6,A0A087WSY6,4.93633200295687e-06
A2A3N6,A0A087WSZ0,8.20944622546322e-06
A2A3N6,A0A0A0MS15,8.42495320784114e-06
A2A3N6,A0A0A0MT36,6.34691434053714e-06
A2A3N6,A0A0B4J1U7,4.0282950800049e-05
A2A3N6,A0A0B4J1V0,5.72120830903518e-06
A2A3N6,A0A0B4J1V6,4.75626447417956e-05
A2A3N6,A0A0B4J1X5,3.71766538422817e-06
A2A3N6,A0A0B4J1Y9,8.64762426810516e-06
A2A3N6,A0A0C4DH24,0.000110279818058198
A2A3N6,A0A0C4DH25,6.01076332694751e-06
A2A3N6,A0A0C4DH29,6.77366846723583e-06
A2A3N6,A0A0C4DH31,6.25286799025842e-06
A2A3N6,A0A0C4DH36,2.36365810792059e-05
A2A3N6,A0A0C4DH38,1.01233775189657e-05
A2A3N6,A0A0J9YX35,6.78371149829406e-06
A2A3N6,A0AVT1,0.000948531629447396
A2A3N6,A0FGR8,0.000741433455863276
A2A3N6,A0MZ66,0.000480689657055501
A2A3N6,A1A4S6,9.34904447910593e-05
A2A3N6,A1A5D9,0.000171998043164756
A2A3N6,A1IGU5,0.000206976145482835
A2A3N6,A1L0T0,0.000133448774276506
A2A3N6,A1X283,0.000106826237162565
A2NJV5,A0A075B6H7,0.000917505622855415
A2NJV5,A0A075B6I0,7.52358512702474e-05
A2NJV5,A0A075B6J1,1.43563020831791e-05
A2NJV5,A0A075B6J9,0.000115071490433854
A2NJV5,A0A075B6K4,0.000415778667662245
A2NJV5,A0A075B6K5,0.000304756225535306
A2NJV5,A0A075B6Q5,8.07991231348794e-06
A2NJV5,A0A075B6S2,3.8051056221483e-05
A2NJV5,A0A087WSX0,0.000252232525829744
A2NJV5,A0A087WSY6,0.000611785314792849
A2NJV5,A0A087WSZ0,0.000122009822725579
A2NJV5,A0A0A0MS15,0.000563544582764726
A2NJV5,A0A0A0MT36,0.000244676361080633
A2NJV5,A0A0B4J1U7,6.11890712924685e-05
A2NJV5,A0A0B4J1V0,0.00163970740973009
A2NJV5,A0A0B4J1V6,4.41317830458255e-06
A2NJV5,A0A0B4J1X5,0.00347014804159135
A2NJV5,A0A0B4J1Y9,0.000207774402746955
A2NJV5,A0A0C4DH24,9.17856708920339e-06
A2NJV5,A0A0C4DH25,0.00172831486682168
A2NJV5,A0A0C4DH29,0.000305063679976452
A2NJV5,A0A0C4DH31,0.000295383817757035
A2NJV5,A0A0C4DH36,2.07945952049843e-05
A2NJV5,A0A0C4DH38,0.000692161226752947
A2NJV5,A0A0J9YX35,0.000195302880402363
A2NJV5,A0AVT1,8.63345393052841e-06
A2NJV5,A0FGR8,1.56907208542427e-05
A2NJV5,A0MZ66,6.55229600302698e-06
A2NJV5,A1A4S6,1.16815536190359e-05
A2NJV5,A1A5D9,5.03009323387858e-06
A2NJV5,A1IGU5,4.99982110442519e-06
A2NJV5,A1L0T0,1.32590329843721e-05
A2NJV5,A1X283,1.95699200618778e-05
A2NJV5,A2A3N6,6.88348799057862e-06
A2RRP1,A0A075B6H7,8.03308674845967e-06
A2RRP1,A0A075B6I0,3.24766204235186e-05
A2RRP1,A0A075B6J1,3.51481410258596e-05
A2RRP1,A0A075B6J9,1.36998049231971e-05
A2RRP1,A0A075B6K4,4.57674485336297e-06
A2RRP1,A0A075B6K5,5.21773702288145e-06
A2RRP1,A0A075B6Q5,6.95533038658867e-05
A2RRP1,A0A075B6S2,2.51793414577779e-05
A2RRP1,A0A087WSX0,5.87230076171199e-06
A2RRP1,A0A087WSY6,1.01062031725376e-05
A2RRP1,A0A087WSZ0,2.79111304584091e-05
A2RRP1,A0A0A0MS15,9.1861986106178e-06
A2RRP1,A0A0A0MT36,8.77802092496974e-06
A2RRP1,A0A0B4J1U7,5.35656804815369e-05
A2RRP1,A0A0B4J1V0,8.11909694118731e-06
A2RRP1,A0A0B4J1V6,4.17228211286765e-05
A2RRP1,A0A0B4J1X5,8.80933594810849e-06
A2RRP1,A0A0B4J1Y9,2.04751339856285e-05
A2RRP1,A0A0C4DH24,0.000289807023386727
A2RRP1,A0A0C4DH25,1.49137233610686e-05
A2RRP1,A0A0C4DH29,1.16798329503346e-05
A2RRP1,A0A0C4DH31,1.23795875447041e-05
A2RRP1,A0A0C4DH36,2.43273389276967e-05
A2RRP1,A0A0C4DH38,1.84976244209648e-05
A2RRP1,A0A0J9YX35,7.56999792784702e-06
A2RRP1,A0AVT1,0.000633978247609533
A2RRP1,A0FGR8,0.00150355372641503
A2RRP1,A0MZ66,0.000210084379305497
A2RRP1,A1A4S6,0.000125155843176521
A2RRP1,A1A5D9,9.71696824408074e-05
A2RRP1,A1IGU5,0.000123533091253912
A2RRP1,A1L0T0,0.000290186332343498
A2RRP1,A1X283,0.000341533410745218
A2RRP1,A2A3N6,0.000239955202726537
A2RRP1,A2NJV5,1.08476437342306e-05
A3KMH1,A0A075B6H7,8.96635096980829e-06
A3KMH1,A0A075B6I0,2.46612992870427e-05
A3KMH1,A0A075B6J1,1.20670822902259e-05
A3KMH1,A0A075B6J9,9.55434332697156e-06
A3KMH1,A0A075B6K4,1.3421919701691e-05
A3KMH1,A0A075B6K5,6.59579337744501e-06
A3KMH1,A0A075B6Q5,2.76384906083287e-05
A3KMH1,A0A075B6S2,9.13265133003039e-06
A3KMH1,A0A087WSX0,1.28994008235805e-05
A3KMH1,A0A087WSY6,5.1314566398435e-05
A3KMH1,A0A087WSZ0,2.27128440970117e-05
A3KMH1,A0A0A0MS15,1.45380016936475e-05
A3KMH1,A0A0A0MT36,1.03105269721074e-05
A3KMH1,A0A0B4J1U7,3.27312581353245e-05
A3KMH1,A0A0B4J1V0,2.02632382907576e-05
A3KMH1,A0A0B4J1V6,1.66603196134165e-05
A3KMH1,A0A0B4J1X5,1.58616863155866e-05
A3KMH1,A0A0B4J1Y9,5.15977336892713e-05
A3KMH1,A0A0C4DH24,4.57064185356536e-05
A3KMH1,A0A0C4DH25,2.61767126889795e-05
A3KMH1,A0A0C4DH29,6.03593821473777e-06
A3KMH1,A0A0C4DH31,1.37917265757124e-05
A3KMH1,A0A0C4DH36,4.0518447170638e-05
A3KMH1,A0A0C4DH38,1.04846607378633e-05
A3KMH1,A0A0J9YX35,6.95427293697423e-05
A3KMH1,A0AVT1,0.000126866209509186
A3KMH1,A0FGR8,0.000135230262366146
A3KMH1,A0MZ66,4.79606643599911e-05
A3KMH1,A1A4S6,5.31973713024993e-05
A3KMH1,A1A5D9,4.00171082684803e-05
A3KMH1,A1IGU5,4.60993636441877e-05
A3KMH1,A1L0T0,3.35460060803598e-05
A3KMH1,A1X283,4.71481251741949e-05
A3KMH1,A2A3N6,6.18724309542903e-05
A3KMH1,A2NJV5,1.76512424962252e-05
A3KMH1,A2RRP1,8.58528150744817e-05
A4D0S4,A0A075B6H7,1.1008926163556e-05
A4D0S4,A0A075B6I0,5.66479821758054e-05
A4D0S4,A0A075B6J1,4.61300847693387e-05
A4D0S4,A0A075B6J9,1.03245102033887e-05
A4D0S4,A0A075B6K4,8.39466397783458e-06
A4D0S4,A0A075B6K5,5.15688678550783e-06
A4D0S4,A0A075B6Q5,9.25330948104342e-05
A4D0S4,A0A075B6S2,1.73590181516787e-05
A4D0S4,A0A087WSX0,7.88382220742449e-06
A4D0S4,A0A087WSY6,1.25356979480691e-05
A4D0S4,A0A087WSZ0,2.79295057746539e-05
A4D0S4,A0A0A0MS15,2.07208628603288e-05
A4D0S4,A0A0A0MT36,1.49060624882144e-05
A4D0S4,A0A0B4J1U7,0.000164026278857929
A4D0S4,A0A0B4J1V0,2.18681460917456e-05
A4D0S4,A0A0B4J1V6,4.31952943837825e-05
A4D0S4,A0A0B4J1X5,8.39441553670632e-06
A4D0S4,A0A0B4J1Y9,2.22292619790749e-05
A4D0S4,A0A0C4DH24,0.000167623902659916
A4D0S4,A0A0C4DH25,1.53643858356616e-05
A4D0S4,A0A0C4DH29,8.46640083522666e-06
A4D0S4,A0A0C4DH31,7.40980929899931e-06
A4D0S4,A0A0C4DH36,3.6245881922263e-05
A4D0S4,A0A0C4DH38,2.81052780590798e-05
A4D0S4,A0A0J9YX35,3.63085824463644e-05
A4D0S4,A0AVT1,0.0002082950917988
A4D0S4,A0FGR8,0.000215161683884703
A4D0S4,A0MZ66,0.000217848917719865
A4D0S4,A1A4S6,0.000153845594563489
A4D0S4,A1A5D9,8.86981733710742e-05
A4D0S4,A1IGU5,0.000121244352374377
A4D0S4,A1L0T0,0.000138414190198428
A4D0S4,A1X283,4.85902671823448e-05
A4D0S4,A2A3N6,0.000194293469159784
A4D0S4,A2NJV5,1.17094417260104e-05
A4D0S4,A2RRP1,8.81141541569219e-05
A4D0S4,A3KMH1,6.38441959790648e-05
A4D1P6,A0A075B6H7,7.69121343877791e-06
A4D1P6,A0A075B6I0,1.42375152997331e-05
A4D1P6,A0A075B6J1,1.41017143163936e-05
A4D1P6,A0A075B6J9,6.43521532779808e-06
A4D1P6,A0A075B6K4,3.7309672310407e-06
A4D1P6,A0A075B6K5,3.23033852715226e-06
A4D1P6,A0A075B6Q5,3.85085761666872e-05
A4D1P6,A0A075B6S2,8.20889194643858e-06
A4D1P6,A0A087WSX0,4.54369644471948e-06
A4D1P6,A0A087WSY6,8.42465230444744e-06
A4D1P6,A0A087WSZ0,5.7860475501264e-06
A4D1P6,A0A0A0MS15,1.03588173574832e-05
A4D1P6,A0A0A0MT36,7.84446133580152e-06
A4D1P6,A0A0B4J1U7,5.83771328989059e-05
A4D1P6,A0A0B4J1V0,4.51423611405349e-06
A4D1P6,A0A0B4J1V6,3.01421650841921e-05
A4D1P6,A0A0B4J1X5,3.61212395372651e-06
A4D1P6,A0A0B4J1Y9,7.98812891992156e-06
A4D1P6,A0A0C4DH24,6.23850685397752e-05
A4D1P6,A0A0C4DH25,1.29226758874792e-05
A4D1P6,A0A0C4DH29,1.93537323030379e-05
A4D1P6,A0A0C4DH31,1.08686629036048e-05
A4D1P6,A0A0C4DH36,3.74882544906567e-05
A4D1P6,A0A0C4DH38,1.02932752698593e-05
A4D1P6,A0A0J9YX35,1.68481508685221e-05
A4D1P6,A0AVT1,0.000379577971952735
A4D1P6,A0FGR8,0.000165329550352532
A4D1P6,A0MZ66,0.000498378479938587
A4D1P6,A1A4S6,6.14215868584974e-05
A4D1P6,A1A5D9,0.000215278236346021
A4D1P6,A1IGU5,0.000126805307151217
A4D1P6,A1L0T0,5.24482042297432e-05
A4D1P6,A1X283,6.87369827680787e-05
A4D1P6,A2A3N6,0.00036698820207784
A4D1P6,A2NJV5,5.05150450130419e-06
A4D1P6,A2RRP1,8.04329261039173e-05
A4D1P6,A3KMH1,2.33919557315967e-05
A4D1P6,A4D0S4,0.000100535373402129
A5D8V6,A0A075B6H7,9.33744471450495e-06
A5D8V6,A0A075B6I0,2.83518808053888e-05
A5D8V6,A0A075B6J1,5.28485106431812e-05
A5D8V6,A0A075B6J9,7.55864575373401e-06
A5D8V6,A0A075B6K4,5.5122228313366e-06
A5D8V6,A0A075B6K5,4.22969634345404e-06
A5D8V6,A0A075B6Q5,0.000106179814110172
A5D8V6,A0A075B6S2,1.56253616041652e-05
A5D8V6,A0A087WSX0,5.59626344803236e-06
A5D8V6,A0A087WSY6,6.13245535036749e-06
A5D8V6,A0A087WSZ0,1.92388022016847e-05
A5D8V6,A0A0A0MS15,1.27106032035585e-05
A5D8V6,A0A0A0MT36,1.31583822861121e-05
A5D8V6,A0A0B4J1U7,7.59759134139575e-05
A5D8V6,A0A0B4J1V0,6.77411036361392e-06
A5D8V6,A0A0B4J1V6,9.66835132774736e-05
A5D8V6,A0A0B4J1X5,5.51244408687856e-06
A5D8V6,A0A0B4J1Y9,1.26256954116542e-05
A5D8V6,A0A0C4DH24,0.000323522461332833
A5D8V6,A0A0C4DH25,1.07627704778653e-05
A5D8V6,A0A0C4DH29,8.69390387837113e-06
A5D8V6,A0A0C4DH31,1.41666624006604e-05
A5D8V6,A0A0C4DH36,2.52048141431613e-05
A5D8V6,A0A0C4DH38,1.64968129774064e-05
A5D8V6,A0A0J9YX35,1.29750936822095e-05
A5D8V6,A0AVT1,0.00204696814991297
A5D8V6,A0FGR8,0.00154069710610823
A5D8V6,A0MZ66,0.000730038042966775
A5D8V6,A1A4S6,0.000278654654129101
A5D8V6,A1A5D9,0.000215974434854224
A5D8V6,A1IGU5,0.000299479920798388
A5D8V6,A1L0T0,0.000169924149951369
A5D8V6,A1X283,0.000701802340413846
A5D8V6,A2A3N6,0.000506180207526256
A5D8V6,A2NJV5,8.52613071381042e-06
A5D8V6,A2RRP1,0.000797246968579338
A5D8V6,A3KMH1,6.79159851167781e-05
A5D8V6,A4D0S4,0.000118136174314604
A5D8V6,A4D1P6,0.000258209706398925
A5YKK6,A0A075B6H7,4.62285932329951e-06
A5YKK6,A0A075B6I0,3.35484032130428e-05
A5YKK6,A0A075B6J1,3.54751316083069e-05
A5YKK6,A0A075B6J9,7.63882949524883e-06
A5YKK6,A0A075B6K4,5.67101374299133e-06
A5YKK6,A0A075B6K5,4.16116084557125e-06
A5YKK6,A0A075B6Q5,0.00012173619744788
A5YKK6,A0A075B6S2,1.04948982227679e-05
A5YKK6,A0A087WSX0,6.18386596919248e-06
A5YKK6,A0A087WSY6,5.14401335641881e-06
A5YKK6,A0A087WSZ0,8.71846448804217e-06
A5YKK6,A0A0A0MS15,1.10643154381177e-05
A5YKK6,A0A0A0MT36,1.04495674423836e-05
A5YKK6,A0A0B4J1U7,8.61352252952648e-05
A5YKK6,A0A0B4J1V0,8.2668682084822e-06
A5YKK6,A0A0B4J1V6,0.000235668638387488
A5YKK6,A0A0B4J1X5,5.38801993750373e-06
A5YKK6,A0A0B4J1Y9,9.32043353544005e-06
A5YKK6,A0A0C4DH24,0.000234652991277108
A5YKK6,A0A0C4DH25,9.05895766223248e-06
A5YKK6,A0A0C4DH29,8.2798107721012e-06
A5YKK6,A0A0C4DH31,1.24660533878572e-05
A5YKK6,A0A0C4DH36,5.20872808327687e-05
A5YKK6,A0A0C4DH38,1.97063842365274e-05
A5YKK6,A0A0J9YX35,1.04387290062925e-05
A5YKK6,A0AVT1,0.00702187684640432
A5YKK6,A0FGR8,0.00131039229044578
A5YKK6,A0MZ66,0.00873563420272179
A5YKK6,A1A4S6,0.000349519797002029
A5YKK6,A1A5D9,0.000830921516012005
A5YKK6,A1IGU5,0.000799755149373955
A5YKK6,A1L0T0,0.000127374542308001
A5YKK6,A1X283,0.000431256439877402
A5YKK6,A2A3N6,0.000734978027797882
A5YKK6,A2NJV5,8.22882323298898e-06
A5YKK6,A2RRP1,0.000559290428912494
A5YKK6,A3KMH1,7.63397168157101e-05
A5YKK6,A4D0S4,0.000221743422315186
A5YKK6,A4D1P6,0.000590428429731685
A5YKK6,A5D8V6,0.00218965692496324
A6ND36,A0A075B6H7,3.49340163252808e-06
A6ND36,A0A075B6I0,1.91173205319416e-05
A6ND36,A0A075B6J1,1.81813924254626e-05
A6ND36,A0A075B6J9,3.15702996613741e-06
A6ND36,A0A075B6K4,3.07576050420388e-06
A6ND36,A0A075B6K5,2.51413186029528e-06
A6ND36,A0A075B6Q5,1.58846143521101e-05
A6ND36,A0A075B6S2,3.74888603641055e-06
A6ND36,A0A087WSX0,3.83020373422769e-06
A6ND36,A0A087WSY6,1.11266415312238e-05
A6ND36,A0A087WSZ0,6.74259556780835e-06
A6ND36,A0A0A0MS15,3.75087764564584e-06
A6ND36,A0A0A0MT36,5.28333407496702e-06
A6ND36,A0A0B4J1U7,2.87185691027604e-05
A6ND36,A0A0B4J1V0,4.17578606696776e-06
A6ND36,A0A0B4J1V6,2.8869338977392e-05
A6ND36,A0A0B4J1X5,3.04406845360958e-06
A6ND36,A0A0B4J1Y9,7.18749349354824e-06
A6ND36,A0A0C4DH24,2.5401502130348e-05
A6ND36,A0A0C4DH25,9.05995244451785e-06
A6ND36,A0A0C4DH29,3.37600982303358e-06
A6ND36,A0A0C4DH31,3.82834724255105e-06
A6ND36,A0A0C4DH36,2.18461023263522e-05
A6ND36,A0A0C4DH38,6.30165959286186e-06
A6ND36,A0A0J9YX35,1.44915930209992e-05
A6ND36,A0AVT1,0.000104330393263586
A6ND36,A0FGR8,5.27228588133062e-05
A6ND36,A0MZ66,0.000145441935097782
A6ND36,A1A4S6,4.03506183015201e-05
A6ND36,A1A5D9,0.000173552466095635
A6ND36,A1IGU5,0.000111546463329054
A6ND36,A1L0T0,1.54837477333251e-05
A6ND36,A1X283,2.98437378380788e-05
A6ND36,A2A3N6,4.2938238056669e-05
A6ND36,A2NJV5,4.86928886311736e-06
A6ND36,A2RRP1,3.27041113596425e-05
A6ND36,A3KMH1,1.34969110792985e-05
A6ND36,A4D0S4,6.55313129677293e-05
A6ND36,A4D1P6,0.00010395473957817
A6ND36,A5D8V6,5.32955278315985e-05
A6ND36,A5YKK6,0.000176073086479287
A6NDG6,A0A075B6H7,1.27012945844926e-05
A6NDG6,A0A075B6I0,2.56040730849745e-05
A6NDG6,A0A075B6J1,2.87568913109501e-05
A6NDG6,A0A075B6J9,2.10954431846647e-05
A6NDG6,A0A075B6K4,8.90305588283427e-06
A6NDG6,A0A075B6K5,3.13944446893588e-06
A6NDG6,A0A075B6Q5,2.59518776550019e-05
A6NDG6,A0A075B6S2,4.37586501595807e-05
A6NDG6,A0A087WSX0,7.00629947012107e-06
A6NDG6,A0A087WSY6,7.51702344949959e-06
A6NDG6,A0A087WSZ0,1.99035226665589e-05
A6NDG6,A0A0A0MS15,1.87824073138184e-05
A6NDG6,A0A0A0MT36,4.86845430571267e-06
A6NDG6,A0A0B4J1U7,4.20998585721174e-05
A6NDG6,A0A0B4J1V0,1.09260681542201e-05
A6NDG6,A0A0B4J1V6,1.11116815341114e-05
A6NDG6,A0A0B4J1X5,8.22764794360027e-06
A6NDG6,A0A0B4J1Y9,2.51610074713779e-05
A6NDG6,A0A0C4DH24,7.66588330923456e-05
A6NDG6,A0A0C4DH25,7.1070295673968e-06
A6NDG6,A0A0C4DH29,2.01100422160603e-05
A6NDG6,A0A0C4DH31,1.95297844468077e-05
A6NDG6,A0A0C4DH36,1.18407654021186e-05
A6NDG6,A0A0C4DH38,1.0813428656066e-05
A6NDG6,A0A0J9YX35,7.65031162466868e-06
A6NDG6,A0AVT1,0.000103154584194635
A6NDG6,A0FGR8,0.000141422953001675
A6NDG6,A0MZ66,4.93182412577419e-05
A6NDG6,A1A4S6,4.1042912921134e-05
A6NDG6,A1A5D9,2.97368671846443e-05
A6NDG6,A1IGU5,3.3347428552816e-05
A6NDG6,A1L0T0,0.000155256802374074
A6NDG6,A1X283,3.20851371334269e-05
A6NDG6,A2A3N6,0.000138957072684019
A6NDG6,A2NJV5,2.31693198409456e-05
A6NDG6,A2RRP1,8.43544751207474e-05
A6NDG6,A3KMH1,3.92666021725031e-05
A6NDG6,A4D0S4,5.17073020875582e-05
A6NDG6,A4D1P6,3.27051893941002e-05
A6NDG6,A5D8V6,9.70366889935695e-05
A6NDG6,A5YKK6,9.01147068267355e-05
A6NDG6,A6ND36,8.69291324019212e-06
A6NFQ2,A0A075B6H7,5.11515609749543e-06
A6NFQ2,A0A075B6I0,1.69976901303145e-05
A6NFQ2,A0A075B6J1,4.93071924822732e-05
A6NFQ2,A0A075B6J9,6.70695600353389e-06
A6NFQ2,A0A075B6K4,5.34607268138887e-06
A6NFQ2,A0A075B6K5,4.81208923600435e-06
A6NFQ2,A0A075B6Q5,3.31029420131563e-05
A6NFQ2,A0A075B6S2,8.97143045185509e-06
A6NFQ2,A0A087WSX0,1.24186415821641e-05
A6NFQ2,A0A087WSY6,7.81648502805771e-06
A6NFQ2,A0A087WSZ0,9.57786211608136e-06
A6NFQ2,A0A0A0MS15,1.25636149336665e-05
A6NFQ2,A0A0A0MT36,1.17181236415374e-05
A6NFQ2,A0A0B4J1U7,4.04530343681286e-05
A6NFQ2,A0A0B4J1V0,1.07092912054774e-05
A6NFQ2,A0A0B4J1V6,3.66545684456888e-05
A6NFQ2,A0A0B4J1X5,4.93963064837042e-06
A6NFQ2,A0A0B4J1Y9,1.33560052779928e-05
A6NFQ2,A0A0C4DH24,7.76164443616118e-05
A6NFQ2,A0A0C4DH25,1.11433367701659e-05
A6NFQ2,A0A0C4DH29,7.39473759434944e-06
A6NFQ2,A0A0C4DH31,1.01978856907822e-05
A6NFQ2,A0A0C4DH36,4.92410419716556e-05
A6NFQ2,A0A0C4DH38,1.25938107585875e-05
A6NFQ2,A0A0J9YX35,4.35255440463428e-06
A6NFQ2,A0AVT1,0.000382736879811853
A6NFQ2,A0FGR8,0.000224160747390405
A6NFQ2,A0MZ66,0.000282840135486626
A6NFQ2,A1A4S6,0.000117701665037651
A6NFQ2,A1A5D9,0.000186978777284294
A6NFQ2,A1IGU5,0.000146495058697749
A6NFQ2,A1L0T0,7.26514763626188e-05
A6NFQ2,A1X283,8.81883780490998e-05
A6NFQ2,A2A3N6,0.000157047516051861
A6NFQ2,A2NJV5,7.69891432035135e-06
A6NFQ2,A2RRP1,0.000188354375254024
A6NFQ2,A3KMH1,9.80995201638305e-05
A6NFQ2,A4D0S4,9.17502431740566e-05
A6NFQ2,A4D1P6,8.05987158446374e-05
A6NFQ2,A5D8V6,0.000158313994620591
A6NFQ2,A5YKK6,0.000408235793984806
A6NFQ2,A6ND36,0.000118311348058973
A6NFQ2,A6NDG6,4.0511632991746e-05
A6NHR9,A0A075B6H7,3.79082282791864e-06
A6NHR9,A0A075B6I0,9.44269415088516e-06
A6NHR9,A0A075B6J1,1.92851859075446e-05
A6NHR9,A0A075B6J9,5.24604696278917e-06
A6NHR9,A0A075B6K4,6.71747856117258e-06
A6NHR9,A0A075B6K5,4.2505169537976e-06
A6NHR9,A0A075B6Q5,4.83313687331721e-05
A6NHR9,A0A075B6S2,5.12555938786352e-06
A6NHR9,A0A087WSX0,3.2408724046876e-06
A6NHR9,A0A087WSY6,3.98219275248476e-06
A6NHR9,A0A087WSZ0,1.10704929425411e-05
A6NHR9,A0A0A0MS15,6.33695217444039e-06
A6NHR9,A0A0A0MT36,3.31278046908823e-06
A6NHR9,A0A0B4J1U7,8.73753078044451e-05
A6NHR9,A0A0B4J1V0,3.48054144276624e-06
A6NHR9,A0A0B4J1V6,4.26842003735727e-05
A6NHR9,A0A0B4J1X5,3.5608451986025e-06
A6NHR9,A0A0B4J1Y9,7.00686034549434e-06
A6NHR9,A0A0C4DH24,7.72905517599777e-05
A6NHR9,A0A0C4DH25,4.8990207874237e-06
A6NHR9,A0A0C4DH29,3.18005531253213e-06
A6NHR9,A0A0C4DH31,1.32532493390028e-05
A6NHR9,A0A0C4DH36,9.77876991384196e-06
A6NHR9,A0A0C4DH38,5.71947957852238e-06
A6NHR9,A0A0J9YX35,2.80030058477621e-05
A6NHR9,A0AVT1,0.000290504810182099
A6NHR9,A0FGR8,0.000126719998657203
A6NHR9,A0MZ66,0.000320854276299034
A6NHR9,A1A4S6,0.000197613918787421
A6NHR9,A1A5D9,9.28733605020931e-05
A6NHR9,A1IGU5,0.000126649471618961
A6NHR9,A1L0T0,3.10450503863412e-05
A6NHR9,A1X283,9.61556063120527e-05
A6NHR9,A2A3N6,7.98771337688516e-05
A6NHR9,A2NJV5,4.57948107072238e-06
A6NHR9,A2RRP1,9.34852228771793e-05
A6NHR9,A3KMH1,3.37775301755468e-05
A6NHR9,A4D0S4,4.53882408026706e-05
A6NHR9,A4D1P6,5.33126625066772e-05
A6NHR9,A5D8V6,0.000181363569276673
A6NHR9,A5YKK6,0.000442519568147401
A6NHR9,A6ND36,5.7717450338282e-05
A6NHR9,A6NDG6,2.48236122602073e-05
A6NHR9,A6NFQ2,6.83367386783029e-05
A6NMZ7,A0A075B6H7,2.16218361401356e-06
A6NMZ7,A0A075B6I0,8.46162275460444e-06
A6NMZ7,A0A075B6J1,1.3110906137125e-05
A6NMZ7,A0A075B6J9,3.8344370810782e-06
A6NMZ7,A0A075B6K4,3.47085482400374e-06
A6NMZ7,A0A075B6K5,2.96441436448633e-06
A6NMZ7,A0A075B6Q5,1.13853601748905e-05
A6NMZ7,A0A075B6S2,9.49379093514059e-06
A6NMZ7,A0A087WSX0,4.53460164614204e-06
A6NMZ7,A0A087WSY6,2.88870269543825e-06
