pro_id,NC100,NC101,NC102,NC103,NC104,NC105,NC106,NC107,NC108,NC110,NC112,NC114,NC115,NC116,NC120,NC121,NC122,NC123,NC124,NC126,NC127,NC128,NC129,NC012,NC130,NC131,NC132,NC133,NC138,NC139,NC013,NC140,NC141,NC143,NC144,NC146,NC147,NC148,NC149,NC150,NC151,NC152,NC153,NC157,NC158,NC163,NC164,NC165,NC166
A0A075B6H7,184.5638275,165.339325,178.8470306,164.4470367,143.4129486,696.5969238,174.9533997,251.944519,603.1245117,176.4694366,329.4834595,212.1204681,669.7495117,396.6114197,443.7102966,367.7218323,249.2263031,279.7694092,398.7941589,382.6834717,280.9545288,156.8054504,211.2615204,480.7550354,18.053375245,221.6736603,458.2153015,18.053375245,911.0496826,241.0166016,190.85495,244.5081635,198.5579834,253.624588,567.5640259,169.1226196,245.8336792,152.7997131,18.053375245,180.2672424,244.3703613,113.5314484,377.5205383,184.760498,203.89888,273.6440735,362.6990051,369.5932007,208.9715424
A0A075B6I0,6.69599724,6.69599724,6.69599724,118.421257,162.3259583,164.374649,97.69515991,38.86013412,68.03859711,194.6074066,56.66956329,100.8001556,324.7308044,6.69599724,163.2062836,162.8365631,167.3344879,19.18126678,227.8586121,186.4972839,110.8467712,6.69599724,430.6065674,328.3267517,107.1943436,264.1147766,169.1001587,6.69599724,6.69599724,56.07345581,129.3580322,157.671051,6.69599724,167.5796509,478.4786987,100.7895508,93.10830688,330.7348328,182.333252,6.69599724,88.52235413,6.69599724,174.754776,6.69599724,6.69599724,34.42337036,565.3502808,193.1421356,6.69599724
A0A075B6I9,6.69250536,6.69250536,6.69250536,6.69250536,24.75069237,6.69250536,35.99249268,6.69250536,38.54961014,6.69250536,22.58460236,6.69250536,6.69250536,6.69250536,6.69250536,6.69250536,6.69250536,53.85381317,29.59593201,6.69250536,6.69250536,6.69250536,98.55578613,6.69250536,6.69250536,29.12128639,6.69250536,53.61983109,6.69250536,6.69250536,6.69250536,6.69250536,6.69250536,6.69250536,36.1277771,31.56771851,6.69250536,50.78022003,60.9043808,6.69250536,6.69250536,6.69250536,39.24993515,6.69250536,6.69250536,6.69250536,81.66349792,28.82954025,45.53568268
A0A075B6J1,20.32629967,8.981396675,6.118345737,0.9546210765,0.9546210765,35.06547165,24.96329117,17.89663506,10.64942169,0.9546210765,24.85207558,0.9546210765,0.9546210765,0.9546210765,0.9546210765,0.9546210765,51.61035919,36.8222847,0.9546210765,0.9546210765,6.276192188,0.9546210765,0.9546210765,122.5487061,0.9546210765,0.9546210765,30.61007309,22.2456913,0.9546210765,5.594941139,19.17686844,19.15462303,11.21405315,19.08649826,10.00785923,10.55585194,11.40172768,0.9546210765,20.9119606,0.9546210765,0.9546210765,8.90768528,20.53349304,66.61495209,8.234323502,6.503663063,26.27866173,0.9546210765,0.9546210765
A0A075B6J9,74.2037735,169.4482117,162.7818298,195.322876,128.2130127,713.6681519,320.9375,321.0768127,1279.685059,205.6782684,294.855957,271.6918945,511.649292,223.0646362,714.9874268,250.2463531,314.9437561,217.3301086,378.7594604,357.9842529,348.4502563,71.91917419,792.0222168,999.5199585,49.49815369,275.3177185,396.0120544,204.1337433,282.4548645,249.0306091,326.2411804,261.01297,201.3027191,292.5453186,176.6333618,228.8785095,282.723877,597.6054688,246.3152771,126.5746384,232.2128906,83.34425354,555.5518188,137.8061371,202.5391998,180.7828827,550.5228271,268.6943054,222.9975739
A0A075B6K4,142.6645966,65.864151,188.8455505,168.2497406,218.6170807,828.3328857,182.261734,313.8080444,446.7365417,171.1414948,391.3187866,222.6594696,559.9393921,271.6242676,371.9475708,293.5910645,222.8031158,153.696991,187.5744171,223.2595367,256.2238159,33.42982864,562.9342651,687.9065552,98.6219635,103.7815857,203.980011,235.2435608,231.3941345,308.7843628,184.8175659,362.6677551,265.4613953,176.7294159,185.4072723,79.40354919,166.3790436,347.0249939,201.7467346,292.8319397,115.2856827,71.10157776,520.1919556,107.8017273,78.02178192,187.2132568,355.3123474,179.3926392,113.6251907
A0A075B6K5,250.2199402,232.7134705,279.3160095,279.8727417,263.7957458,1110.942383,316.8769226,557.5305176,703.4945679,381.3965454,754.2647095,352.6130676,539.4740601,281.9732361,534.4174805,331.612854,340.9817505,168.9749451,419.0158997,356.8399353,518.0477295,104.5571518,355.6568909,1360.690552,108.2462082,242.2845306,232.8287354,488.0164185,482.7559204,465.8151245,224.0990906,578.3467407,251.9881287,370.7364502,438.6981812,187.1170502,392.0455933,295.0664063,267.7701416,160.5444794,162.0864258,150.3651733,834.444458,144.3568268,192.7641602,421.6212463,589.5899658,325.8579407,411.4135742
A0A075B6Q5,558.5264893,17.209503175,17.209503175,675.5424194,596.871521,17.209503175,69.30296326,383.7414856,130.2527313,502.193573,416.3067627,17.209503175,485.6824646,903.6501465,217.6800995,17.209503175,68.31395721,531.3765259,82.29608154,92.01863098,365.1574707,17.209503175,1059.966797,205.1960144,778.7897949,571.9923096,116.028244,886.9882202,306.369751,486.0222473,1036.914551,889.7754517,17.209503175,52.24791718,835.5491333,697.3790894,395.4525452,34.41900635,665.4235229,17.209503175,297.4778137,610.4351807,17.209503175,839.4701538,17.209503175,664.6931152,617.2479858,207.8034515,571.1199951
A0A075B6S2,7.31396675,45.5228653,55.05440903,50.19967651,7.31396675,146.3123322,33.39570999,84.94450378,7.31396675,7.31396675,55.3383255,7.31396675,189.5526123,103.2002029,170.4425049,239.9298859,154.1959076,64.11302185,39.83005524,91.71737671,7.31396675,52.42596817,110.6626511,160.3737946,58.24406815,53.52157593,7.31396675,75.49372101,52.28078461,85.65402985,68.36749268,7.31396675,39.18991852,134.0382843,32.52005768,7.31396675,191.5011139,53.91794586,7.31396675,113.5779572,24.49945641,34.76414108,203.5680084,130.8788147,44.41353226,127.517868,7.31396675,170.0927887,90.02079773
A0A075B6S6,9.066391945,9.066391945,9.066391945,9.066391945,9.066391945,123.7998962,9.066391945,9.066391945,9.066391945,9.066391945,9.066391945,9.066391945,9.066391945,9.066391945,9.066391945,9.066391945,9.066391945,9.066391945,9.066391945,9.066391945,9.066391945,9.066391945,9.066391945,133.0244141,9.066391945,9.066391945,9.066391945,9.066391945,9.066391945,9.066391945,9.066391945,9.066391945,9.066391945,9.066391945,31.78077316,9.066391945,9.066391945,9.066391945,9.066391945,9.066391945,9.066391945,9.066391945,9.066391945,9.066391945,9.066391945,9.066391945,9.066391945,9.066391945,9.066391945
A0A087WSX0,92.93119812,44.69126511,125.9118195,112.3743439,196.1179352,1473.042847,403.9130859,136.8178406,292.6984863,86.74184418,144.8067627,101.6940613,484.8531799,174.1654663,370.6497498,264.849823,157.9717102,547.6903687,370.6802673,431.555481,302.9341736,208.8775635,466.333313,820.0107422,24.41940498,207.8016357,168.7929077,157.8709412,103.8523331,228.8782196,154.6836853,197.7220154,239.5647278,288.8121033,421.7065735,250.0036163,296.4136658,304.7115784,223.4312744,117.3488846,155.4703674,96.07406616,358.9893188,124.1831284,177.1620483,136.6131439,320.0753784,372.3968506,386.6874084
A0A087WSY6,576.6766968,308.9953613,622.1610718,365.6844177,462.3296509,1288.16748,702.2161255,1054.048218,1586.894531,412.1027222,653.8991089,495.441803,1303.968872,589.0554199,1215.139893,955.0081787,1092.20166,852.5913086,1078.344971,1274.200928,1415.208252,278.9557495,858.7559204,1380.78833,509.0542297,592.7207031,643.0797729,816.0053711,717.6376343,616.0237427,845.2753296,1218.624023,665.0668945,491.1583557,706.6950684,572.161377,605.1439209,450.4264221,847.6064453,422.6173401,617.9973145,413.2024536,1123.699707,969.9906006,600.1708984,473.4141541,1027.658936,763.0253296,406.7329712
A0A087WSZ0,23.84912872,68.70517731,8.21575165,27.49589729,43.97581482,198.1470184,94.63505554,81.06624603,131.317749,36.06552505,74.48495483,8.21575165,90.22999573,82.23904419,169.5566406,167.4076233,32.43884277,108.2616882,8.21575165,57.32522583,116.8370056,8.21575165,92.34897614,177.0028229,8.21575165,42.94309616,8.21575165,8.21575165,72.36920929,58.70243073,8.21575165,8.21575165,53.81806183,41.91444397,65.21922302,39.917099,8.21575165,55.20406723,51.06232834,84.16236877,29.48057556,8.21575165,176.2124786,8.21575165,8.21575165,61.74623489,101.6141815,106.0367279,54.18700409
A0A0A0MS15,422.1459656,469.1125488,637.487854,515.2961426,477.1954346,1313.592529,1172.468994,791.2524414,1399.116089,493.5100708,851.5487671,484.9422607,1287.925415,752.6400757,1086.806519,1121.329102,653.086853,658.9680786,502.4620361,657.4537964,984.8057861,551.3671875,804.28302,1213.188354,259.7460632,779.2519531,760.9818115,656.2581177,518.2755737,512.1796265,690.1550903,676.5412598,451.7322083,966.083313,717.458313,616.784668,757.4872437,735.7765503,478.7679443,557.2231445,382.0621033,415.0671692,1179.007202,461.1689758,406.2694092,899.9232788,884.7821655,726.696167,120.3259888
A0A0A0MT36,2.560496807,2.560496807,60.76462555,60.37884521,82.33101654,311.5811462,94.3978653,58.88361359,234.0336914,50.66897964,11.04619312,75.16738892,2.560496807,87.69148254,111.8954163,36.08314896,44.32071686,109.7544098,125.7385712,110.8656693,148.9950867,57.12726593,43.61642456,76.97357941,43.69964218,65.38396454,120.1287613,18.89172935,97.15045929,55.02351761,67.80148315,124.5197678,30.11436081,169.3461151,2.560496807,87.84205627,164.4412537,93.9187088,49.93980789,2.560496807,55.11821747,33.5524292,186.8927307,39.88040161,84.84021759,140.3511505,150.0983124,108.1085129,359.169342
A0A0B4J1U7,20.42838478,5.918583395,5.918583395,5.918583395,28.90153503,263.9971313,135.8148499,36.41874313,46.90377045,5.918583395,25.05733299,13.95565033,99.77167511,5.918583395,123.9858704,60.94186401,42.10995102,109.7255936,40.04706192,20.9819603,76.11405945,5.918583395,56.62727356,62.69487,15.68049812,12.41502953,21.38600731,40.3420372,65.38471985,51.80540848,34.78842926,5.918583395,44.0148201,45.22098541,5.918583395,56.14892578,40.27627945,107.9603806,50.42210007,43.64889908,37.1566124,23.19665527,58.62916565,51.66690826,38.24346542,87.4604187,30.6088295,53.508461,59.18308258
A0A0B4J1V0,183.4999695,64.13327026,59.63202667,11.81395817,79.37680054,611.8497925,458.7594299,288.4157715,667.2426758,165.2133636,208.3449554,133.818924,638.6943359,118.6229095,407.482666,255.5905151,259.3293152,318.9516296,145.2131042,122.5109482,255.6529999,52.71757889,251.5056763,600.9387817,59.67781067,255.6974182,69.76447296,135.447464,146.2122498,161.7071381,169.5286102,240.3483734,725.6471558,178.4891815,186.0777435,184.9822845,185.6400757,195.4282227,149.4295959,120.6279297,89.58457184,174.5574188,443.7621155,149.7991333,135.1054993,195.0739594,305.7050476,228.6645355,191.7693024
A0A0B4J1V2,3.645134449,0.4886040985,0.4886040985,0.4886040985,3.931354523,19.14585114,15.09819794,0.4886040985,9.622178078,0.4886040985,8.16418457,0.4886040985,0.4886040985,14.77731037,13.08356094,15.60286999,5.516649246,6.104538918,0.4886040985,11.53343105,0.4886040985,0.4886040985,7.767532349,18.96427155,0.4886040985,0.4886040985,0.4886040985,4.58686018,0.4886040985,3.69152832,5.09759903,0.4886040985,0.4886040985,2.823860168,0.4886040985,5.935490131,0.4886040985,0.4886040985,0.4886040985,0.4886040985,0.4886040985,3.828221083,16.65921593,9.16341877,4.077435493,0.977208197,19.05116463,5.497367859,0.4886040985
A0A0B4J1V6,0.5266604425,0.5266604425,177.7171631,28.87111282,40.88756943,97.91966248,51.98892212,54.67338562,92.5067749,11.32247829,37.44643402,0.5266604425,0.5266604425,0.5266604425,0.5266604425,53.94723511,67.05297852,0.5266604425,32.27440262,0.5266604425,0.5266604425,857.7071533,41.91513824,121.7748413,0.5266604425,535.8843994,0.5266604425,0.5266604425,0.5266604425,57.75917816,36.8919487,0.5266604425,37.05195999,0.5266604425,46.1828804,85.79029083,0.5266604425,102.3419266,41.81778717,0.5266604425,25.23215485,0.5266604425,33.77041626,0.5266604425,53.71052551,0.5266604425,34.37568665,108.0035934,79.62986755
A0A0B4J1X5,1236.210327,990.8264771,1256.837158,1086.113892,1339.337402,4756.824707,3331.350098,1767.822754,4642.351074,1226.705933,1706.475708,1184.429199,4314.710449,1438.347656,4423.455566,1929.375122,1270.356689,1868.525757,1386.401733,1289.848389,2217.429443,534.34375,1680.582397,5067.372559,519.6004028,1146.184082,1013.83313,1206.23999,1863.475708,1289.072876,1830.884033,1784.727173,3703.553467,861.0096436,1382.485596,1264.885986,1283.839722,1913.406372,1089.139526,729.7341309,1432.140137,1028.940063,3041.471436,1421.749268,1342.332886,1967.091431,3011.098389,2985.648438,1472.359131
A0A0B4J1Y8,2.65976429,2.65976429,5.31952858,9.966985703,8.946768761,42.36358261,2.65976429,2.65976429,2.65976429,2.65976429,13.05845928,2.65976429,2.65976429,8.367341995,48.2663269,2.65976429,2.65976429,11.13977432,2.65976429,2.65976429,2.65976429,2.65976429,2.65976429,16.74917603,2.65976429,2.65976429,2.65976429,2.65976429,2.65976429,15.02123642,7.809662819,2.65976429,2.65976429,2.65976429,9.936963081,2.65976429,2.65976429,2.65976429,2.65976429,2.65976429,2.65976429,8.109158516,22.50928116,2.65976429,25.03575897,2.65976429,2.65976429,26.18585014,2.65976429
A0A0B4J1Y9,37.19742203,98.44586182,48.32305908,57.14003372,14.4025383,236.6464844,103.790062,114.4851303,33.9870224,44.74240112,94.69070435,67.44497681,310.7192688,69.03796387,216.0376587,178.1377258,14.28938007,84.45806885,149.9090881,63.00842285,91.34499359,27.48472404,133.5800171,95.73171234,29.06658745,63.48327637,85.72410583,82.26398468,78.79253387,103.700882,109.1091537,121.7221222,174.8684387,36.51728058,63.76195145,76.93647766,73.43256378,93.62613678,62.19615173,7.00818777,67.42989349,85.59436035,96.59261322,56.84321594,74.95682526,103.4762955,59.95977402,169.9973907,107.252182
A0A0C4DH24,35.25132751,59.75226593,61.19950485,12.75118828,12.75118828,153.4026947,67.57344055,52.06144714,12.75118828,12.75118828,105.363266,12.75118828,179.5961304,12.75118828,12.75118828,78.37780762,86.26181793,61.739048,65.12897491,47.3248558,12.75118828,44.2410202,29.98361588,181.6644135,12.75118828,51.46266174,12.75118828,75.66057587,12.75118828,52.78775024,87.66501617,12.75118828,83.65432739,57.80597687,78.72992706,35.42289352,42.96899414,12.75118828,28.57428169,12.75118828,12.75118828,12.75118828,113.1022415,12.75118828,59.20067596,102.7729416,81.0040741,12.75118828,110.2741852
A0A0C4DH25,1562.765381,1321.952148,1657.615967,1828.103149,1880.106689,9394.124023,3277.681641,3504.168213,4749.685547,2122.063965,3657.855469,1978.509399,5991.052246,4603.378906,3657.118652,3406.622803,4011.0354,3872.672119,4461.379883,4678.575684,4061.348145,1311.537842,3640.070313,3846.768066,1195.924561,2194.655518,2693.393066,2459.258789,2930.161133,2735.881836,2391.187744,3049.37793,1726.61853,2275.333252,5998.874512,2327.522949,1926.842773,3020.19751,2289.403809,2219.135986,1906.362793,1173.016235,4131.769043,2414.218018,2309.356201,3348.009033,3635.325439,2726.9104,2327.502197
A0A0C4DH29,55.42958069,25.11388588,23.51514244,4.249905586,71.8621521,118.9533005,63.95974731,23.91368866,268.3171692,19.11470795,69.87101746,13.73351002,85.17467499,39.96913528,125.8333969,54.92911911,23.24170113,29.40457535,51.06992722,52.56293869,77.69432831,36.15687561,234.000351,327.6890869,2.124952793,88.09529114,57.53535461,113.3735657,46.6460228,54.13453674,2.124952793,49.88807297,61.90667725,123.927002,28.21993256,55.14918518,141.6826172,246.9419556,209.305603,42.95692062,23.56434822,33.98888779,161.800415,55.80655289,56.09343719,19.44511604,337.2550659,120.6782455,42.74610519
A0A0C4DH31,23.64955521,27.01959991,12.93486118,14.55527401,22.49048996,92.54689789,21.80585861,31.70872879,52.3279953,5.660926342,44.47194672,23.46421242,55.10894394,23.04435158,49.35287094,16.14114761,18.91477585,25.86781502,18.46987152,17.18579865,39.68981552,1.429944277,43.10757446,39.49042892,12.53056812,25.55980492,58.78366852,33.55176926,27.74869537,35.41606522,10.80623055,18.44290733,1.429944277,54.55472565,28.2150898,30.391119,48.823452,24.4346199,43.42965698,21.27076149,30.64531898,24.60503387,56.92455292,31.34649849,21.51382637,20.53651428,63.44391251,72.02932739,35.1263237
A0A0C4DH36,665.9760132,123.0822601,62.7674675,3005.962158,215.2623138,298.1703796,220.5568237,133.5048981,241.4648895,1081.790771,82.85591125,3421.588867,285.709259,158.242157,637.6447144,634.1026001,534.572876,265.3217163,231.1773224,307.6828918,263.2663879,773.6798096,211.5849762,820.7520752,650.0720825,481.4894104,127.7594604,544.6661987,105.0770416,814.9337769,364.6307373,543.4127808,1323.639404,795.203186,529.206665,174.4120483,485.2804871,159.4826813,114.318985,31.38373375,344.0239258,470.2473145,453.9283447,237.3582306,406.0587769,626.4396973,536.7959595,931.7958374,411.9151611
A0A0C4DH38,558.2089844,512.279541,490.0608215,336.4828491,330.0116272,2655.164795,651.3465576,729.4931641,467.5921936,422.226593,514.5376587,366.4797058,1081.964722,650.7723389,1255.201294,662.4597778,378.4598999,736.2178955,477.1342468,403.6963501,587.578064,169.6618347,688.0997314,1571.161987,141.408432,437.4112549,375.3596802,611.5505371,609.4365234,517.0690918,516.0686035,541.670105,598.5593262,685.3699341,393.4342957,449.5960999,659.9532471,702.6303711,465.3525391,281.9766846,169.7054138,361.1366577,1175.85144,251.2527008,461.5916138,284.9326782,770.2259521,887.5917358,191.0423584
A0A0C4DH67,0.6406806705,0.6406806705,0.6406806705,0.6406806705,0.6406806705,0.6406806705,3.708971024,0.6406806705,0.6406806705,0.6406806705,0.6406806705,0.6406806705,0.6406806705,0.6406806705,0.6406806705,0.6406806705,0.6406806705,10.0929203,0.6406806705,2.158933163,0.6406806705,0.6406806705,0.6406806705,16.01808548,0.6406806705,0.6406806705,0.6406806705,0.6406806705,0.6406806705,2.356552601,10.26073742,0.6406806705,3.191537619,0.6406806705,0.6406806705,0.6406806705,0.6406806705,0.6406806705,0.6406806705,0.6406806705,0.6406806705,0.6406806705,0.6406806705,0.6406806705,0.6406806705,0.6406806705,10.24268532,0.6406806705,0.6406806705
A0A0J9YX35,85.48101044,51.63779068,265.8833313,70.21175385,108.6320267,170.9998322,79.51077271,126.2011871,189.0464935,174.1005402,103.3974075,19.2772274,188.4474335,19.2772274,73.55451202,261.0739136,88.00914001,96.92425537,120.7253799,141.8131561,308.7801514,132.2962341,139.0279388,326.6877136,19.2772274,92.48989105,19.2772274,115.7453918,90.6075058,107.7577362,200.6341858,19.2772274,81.47595215,80.04284668,19.2772274,38.5544548,79.94179535,170.3005981,109.814827,19.2772274,19.2772274,63.23983765,270.815979,137.5475159,138.675827,19.2772274,202.0638885,264.2681274,224.5488129
A0A1W2PR19,110.55656435,110.55656435,110.55656435,110.55656435,110.55656435,110.55656435,968.9490356,110.55656435,110.55656435,110.55656435,110.55656435,110.55656435,110.55656435,110.55656435,1099.035645,66973.64844,545.0175781,110.55656435,110.55656435,110.55656435,110.55656435,110.55656435,110.55656435,110.55656435,281.1525269,110.55656435,110.55656435,110.55656435,110.55656435,397.3598022,110.55656435,4377.077637,110.55656435,110.55656435,110.55656435,110.55656435,110.55656435,110.55656435,110.55656435,356.190033,110.55656435,110.55656435,1844.73291,110.55656435,110.55656435,5362.60791,1073.031372,20300.52148,110.55656435
A0AVT1,166.5971985,179.0515594,136.7454071,174.0057373,145.5656433,184.3803406,177.7667847,158.7216339,140.9700928,151.2702484,200.1326752,128.4712219,147.4750519,196.8326263,133.2032166,157.1598206,152.5611572,139.3197327,193.4809875,214.7640533,188.6384583,141.8765411,165.2359924,134.7595673,178.6108398,177.5447388,173.7023773,151.9395142,105.0581436,156.1022644,154.5879364,191.4943237,135.2150879,169.4207611,162.6063843,136.7808228,195.9642487,206.088623,168.7615967,160.7407074,171.3742981,156.0090332,132.0502472,135.6055145,192.8638,112.1609879,123.3325424,135.172821,136.3002472
A0FGR8,185.159317,197.9764099,260.8526001,204.6191101,228.4102173,203.9462585,196.2779236,233.2563019,281.3078308,198.1217041,225.4791718,200.9803009,247.5925598,187.6963348,238.2931671,260.5656433,225.8004456,213.5557556,224.4482117,218.1093597,217.3549194,245.3009491,199.5469055,173.7900543,210.86409,204.1649475,312.8626099,215.886673,385.7015076,220.1319427,186.3390808,245.2187195,214.9025269,220.6220398,216.0363464,236.5372009,213.5914154,183.7848358,153.6432953,217.7125244,185.8425751,219.436554,206.3927612,223.1401215,200.9794922,217.191803,238.6793823,226.0406494,202.9809418
A0MZ66,116.0659561,84.28642273,84.38454437,124.2744675,64.68276978,57.52828217,81.10637665,68.60626221,66.40402985,72.07945251,83.88563538,59.8959465,73.57036591,61.2911377,44.83323669,40.81799316,83.83666992,77.5774231,50.06758499,64.73026276,48.17450714,62.5593605,63.06785202,65.36290741,91.64299011,88.6832962,111.9485474,85.48591614,57.59765625,86.33364105,59.99937057,89.23747253,74.02362061,87.95667267,102.7311325,50.01280594,83.74246979,70.12213898,58.94179916,45.51962662,77.48511505,67.67041779,78.56087494,66.9230957,84.25782013,69.07952118,61.16781616,65.5690918,64.56484222
A0PJW8,4.347589016,4.347589016,4.347589016,55.60774994,128.3427277,4.347589016,4.347589016,4.347589016,4.347589016,33.8903389,165.0368347,53.46739578,298.7603149,4.347589016,4.347589016,4.347589016,4.347589016,4.347589016,195.5182495,37.34202194,348.5814819,77.21671295,4.347589016,4.347589016,4.347589016,23.96353722,4.347589016,4.347589016,4.347589016,42.3247261,27.29774284,4.347589016,4.347589016,4.347589016,12.67357635,4.347589016,4.347589016,4.347589016,4.347589016,39.04183197,4.347589016,105.7932434,4.347589016,4.347589016,4.347589016,17.07282448,4.347589016,4.347589016,4.347589016
A1A4S6,6.991125585,6.991125585,59.97544098,31.00450897,31.91879654,6.991125585,75.91648102,44.59357452,30.79954147,32.44524384,45.39234924,24.93722153,6.991125585,33.63271713,6.991125585,30.88101959,6.991125585,39.09638977,40.97998047,34.83709335,36.85403824,6.991125585,52.58747864,6.991125585,6.991125585,47.14499283,6.991125585,6.991125585,45.38565063,30.96702003,6.991125585,6.991125585,6.991125585,6.991125585,55.747612,50.40556335,24.80831146,46.7444725,44.88885498,21.71142387,6.991125585,37.99866486,6.991125585,6.991125585,6.991125585,21.48043823,6.991125585,6.991125585,152.6405334
A1A5B4,2.157672405,2.157672405,2.157672405,15.18423557,2.157672405,2.157672405,2.157672405,2.157672405,2.157672405,2.157672405,2.157672405,2.157672405,2.157672405,2.157672405,2.157672405,2.157672405,2.157672405,2.157672405,2.157672405,2.157672405,2.157672405,18.4629612,2.157672405,2.157672405,2.157672405,27.55014992,2.157672405,9.51984787,2.157672405,2.157672405,2.157672405,66.73274231,2.157672405,11.85736275,2.157672405,8.991800308,2.157672405,39.36907959,2.157672405,2.157672405,2.157672405,10.36430168,2.157672405,2.157672405,2.157672405,2.157672405,2.157672405,2.157672405,2.157672405
A1A5D9,48.26335907,116.7770004,104.4140778,105.4090195,57.99755096,1.244217396,18.68584251,92.5475235,51.60389709,44.73244095,1.244217396,62.84649658,27.93006325,14.44044781,1.244217396,1.244217396,13.83319569,5.10866785,52.84130478,1.244217396,124.1435013,125.967308,12.71517849,1.244217396,5.220881939,9.511666298,30.02327538,91.57534027,1.244217396,108.5574722,3.379317284,81.16577148,10.45144176,10.52443695,59.55336761,76.86398315,3.812433004,5.538547993,1.244217396,2.488434792,75.28543091,16.9898243,62.40374374,62.41375351,1.244217396,29.04701614,34.85476303,17.19872284,65.90209198
A1IGU5,32.31608963,15.1386013,20.62368393,27.63076591,20.57297707,12.6100893,14.50461864,18.36866951,34.01058578,29.78597069,22.51859665,36.29852295,3.204327345,16.2245903,3.204327345,11.65030003,36.45729065,13.75663853,19.30475044,16.30529022,15.77506256,27.21761322,30.38790321,21.78324509,45.06771851,49.70611572,13.90932846,31.40012169,12.19579315,36.18418884,19.0312252,8.609703064,31.77099037,26.16962242,27.15323639,33.39720535,43.54868698,23.6955719,42.66996384,17.57314301,21.74011803,36.3344574,24.11480522,23.1400528,22.88011742,32.42316437,21.65291595,28.90295982,29.43364906
A1L0T0,45.3564949,9.252415657,46.17456055,20.81558418,42.59628296,37.87268829,47.51279068,40.23506927,61.84109879,36.58753586,41.04899979,42.61628342,91.15934753,55.64700699,26.86232376,69.7389679,40.3553772,72.73988342,33.28783798,41.78395844,64.51961517,67.56266785,46.64881134,29.28953743,42.36943054,57.19412994,46.35345459,52.87046814,71.44847107,57.63502884,51.87932205,102.2120361,60.30026627,72.61305237,63.3111763,64.57301331,76.78988647,46.3314743,72.03565979,68.8128891,27.93254471,53.66461182,62.22745514,50.22000122,24.02064514,44.24127579,26.17016983,41.45093155,24.40917778
A1L3X0,6.552067755,6.552067755,6.552067755,6.552067755,6.552067755,6.552067755,6.552067755,6.552067755,6.552067755,6.552067755,6.552067755,6.552067755,6.552067755,6.552067755,6.552067755,6.552067755,6.552067755,6.552067755,6.552067755,6.552067755,6.552067755,6.552067755,6.552067755,6.552067755,6.552067755,6.552067755,129.5891876,6.552067755,6.552067755,6.552067755,77.13821411,6.552067755,6.552067755,6.552067755,6.552067755,50.03359985,6.552067755,80.07002258,6.552067755,6.552067755,6.552067755,6.552067755,6.552067755,36.40947342,6.552067755,6.552067755,6.552067755,6.552067755,31.11963272
A1X283,103.76091,82.56480408,125.1918182,127.7344284,129.1470184,212.8111877,213.4069519,213.3839569,138.5954437,103.2616577,114.9089966,100.7522354,123.9670868,146.1205444,148.7298279,22.02606392,182.5749054,136.0050507,117.2975845,123.5078659,156.432373,122.7459183,138.7137756,139.5664673,156.5302887,78.58531189,220.2695923,89.0627594,119.6365738,135.7167206,115.0596466,246.9994965,106.5243378,75.79058838,119.9371262,116.0940094,109.4626846,209.285614,103.3657913,133.9710083,191.4983978,91.24581909,149.6481934,187.6862488,100.7057648,169.5812683,110.993248,120.5386581,86.56163788
A2A3N6,751.8798218,479.5897217,399.4953003,412.627655,446.3825684,357.1813354,422.8301392,422.809845,275.9813843,504.1525879,518.0056763,491.2373047,270.3330688,327.4114685,282.4288635,423.2113037,458.5776978,320.9644165,332.7424011,403.7064514,340.471405,609.3295898,326.3562317,126.8478165,618.2659912,386.5882874,387.7202759,441.3352966,483.1942444,552.09375,420.144989,474.038147,566.8601074,459.1530762,312.4752197,316.6711121,374.7799988,327.9437561,331.9489441,526.6615601,387.8675842,362.3692932,327.4020996,293.706604,521.1625977,373.7240295,344.7294922,411.9831848,314.9888916
A2NJV5,100.0547791,91.15431976,132.3223419,158.2655029,202.1360779,624.6140137,341.3803711,99.06768799,570.1449585,116.6852264,77.69944763,218.3796234,173.2613373,160.2366791,528.1641846,139.3555756,148.5222015,175.1580658,83.02555847,85.693573,429.6911926,27.55947876,253.6149902,193.3488617,42.49008942,175.0084534,281.0422363,93.3955307,195.7740326,88.43257141,201.8867645,202.4465332,292.5277405,263.0134583,242.1065826,188.6675262,317.6501465,212.1954041,380.2147827,132.3135986,190.3106995,87.88122559,264.4771729,116.8092422,127.0162506,171.5418243,408.8329468,103.9819565,80.80897522
A2RRP1,36.69699478,26.82796097,21.35983086,29.32647324,20.72264671,46.39430237,30.13550186,35.28497696,38.61759186,34.99374008,29.80211449,30.8239975,33.52033615,22.68476295,27.41596603,13.30033779,34.31051254,36.37917709,36.89257431,22.59572029,27.71539879,27.9959507,31.14402962,48.0190773,28.10365868,36.32023621,41.96818542,23.41076088,39.27256012,32.35303879,35.18740463,35.56027603,33.76148987,35.24403381,17.36262512,33.3093338,21.6547451,27.07175064,37.91339493,21.07461739,31.55626678,27.82178307,35.55039215,32.71199799,20.78090858,34.73060608,21.16135406,38.18621063,28.16696548
A3KMH1,17.33475494,27.25286674,11.06479168,33.24340439,24.84312248,2.8210151195,17.76038551,32.77055359,45.4014473,29.02401161,24.41753197,18.11205673,26.59792709,31.90578461,36.37878036,39.64667892,29.38835144,35.44507599,42.04169083,52.85228729,18.76293373,38.92431259,39.15792847,9.100024223,27.90327454,44.02377701,50.73234177,27.08567238,47.73652649,33.00295639,32.8736763,31.16987991,28.30237389,30.55640602,20.06488228,17.77296829,36.53258133,47.32452011,57.81905746,37.81851196,28.26664352,61.64232254,39.09431076,30.77929497,28.9247818,34.49888611,48.0319519,48.11662292,18.2542057
A3KN83,18.94145966,2.434808254,2.434808254,42.15053177,2.434808254,56.87504196,47.53699875,2.434808254,2.434808254,2.434808254,46.30960083,2.434808254,2.434808254,2.434808254,2.434808254,2.434808254,28.80020332,2.434808254,21.09252739,2.434808254,2.434808254,46.3325882,2.434808254,2.434808254,2.434808254,22.96262169,2.434808254,2.434808254,2.434808254,2.434808254,85.67264557,63.87595749,2.434808254,2.434808254,2.434808254,16.27246666,10.98073292,97.94508362,61.20426178,14.31378746,53.25893021,42.27954102,2.434808254,2.434808254,2.434808254,37.49611282,2.434808254,2.434808254,2.434808254
A4D0S4,37.21159744,24.48597717,27.73736191,42.87628555,28.74176216,3.7444889545,25.85980797,21.86668777,3.7444889545,36.14974976,7.488977909,38.22793961,94.97878265,27.98240089,3.7444889545,3.7444889545,36.94377899,33.62802124,35.16505814,29.66249275,27.23825264,39.75966263,38.55272293,12.86675262,48.56539536,44.08433533,17.48284149,54.30524445,44.74537277,33.92547607,44.04768372,44.20735168,65.6572876,45.78420258,45.68564606,57.01332092,27.69452477,33.97893906,86.64517975,49.34970856,35.84531403,26.94743347,46.51592255,28.21786499,42.66059494,51.99897003,24.25795364,57.85326004,38.02108002
A4D1P6,58.67117691,50.10112,33.10486984,52.94220352,39.79810333,66.15826416,43.67249298,49.33886337,6.00366068,37.93385696,49.13879013,45.19012451,48.85520935,33.6041069,6.00366068,78.43392944,84.47171021,52.16370392,59.07823181,80.67472839,45.48469162,64.25111389,58.21879578,27.57303238,92.25028992,99.17089081,66.25788116,85.29595184,6.00366068,60.67214966,93.8059082,92.79371643,66.44507599,41.83099365,34.18686295,69.92108917,56.8533287,63.51441193,47.2888031,12.00732136,34.62660217,72.89234161,49.07561111,58.88947678,53.83098602,67.93587494,6.00366068,58.37808228,62.24643326
A4D1U4,6.058804035,6.058804035,6.058804035,6.058804035,6.058804035,6.058804035,6.058804035,6.058804035,6.058804035,6.058804035,6.058804035,6.058804035,6.058804035,6.058804035,6.058804035,6.058804035,6.058804035,6.058804035,6.058804035,6.058804035,6.058804035,6.058804035,6.058804035,6.058804035,53.34391403,6.058804035,6.058804035,6.058804035,6.058804035,6.058804035,6.058804035,6.058804035,6.058804035,6.058804035,6.058804035,6.058804035,6.058804035,6.058804035,6.058804035,30.80629158,57.11534882,6.058804035,6.058804035,6.058804035,6.058804035,6.058804035,6.058804035,6.058804035,6.058804035
A4D2B0,99.04714966,3.8480682375,31.927845,9.937570572,3.8480682375,3.8480682375,49.0684166,3.8480682375,3.8480682375,3.8480682375,107.0356369,3.8480682375,169.6848602,7.696136475,3.8480682375,3.8480682375,3.8480682375,58.42988968,3.8480682375,44.5422287,29.12929153,3.8480682375,60.97443771,3.8480682375,49.50625992,48.83301544,3.8480682375,54.96656036,3.8480682375,3.8480682375,69.44598389,83.6257019,3.8480682375,3.8480682375,93.04302216,3.8480682375,3.8480682375,15.47542763,3.8480682375,3.8480682375,70.35610962,3.8480682375,30.76763344,75.96782684,58.30388641,3.8480682375,3.8480682375,36.43052673,92.27263641
A5D6W6,4.550778866,4.550778866,4.550778866,30.77279282,4.550778866,4.550778866,4.550778866,4.550778866,36.98206711,4.550778866,4.550778866,4.550778866,4.550778866,4.550778866,4.550778866,4.550778866,4.550778866,4.550778866,4.550778866,4.550778866,46.26414871,4.550778866,27.33700943,4.550778866,4.550778866,25.04751015,50.67710495,4.550778866,4.550778866,4.550778866,4.550778866,4.550778866,4.550778866,4.550778866,4.550778866,14.41064644,4.550778866,4.550778866,4.550778866,4.550778866,4.550778866,4.550778866,4.550778866,4.550778866,4.550778866,4.550778866,4.550778866,4.550778866,4.550778866
A5D8V6,215.9406586,245.8484344,213.2558441,220.4807739,211.5057983,411.0975952,203.6496887,235.9889221,230.2740936,238.5280762,338.9975281,268.7900085,400.3568726,341.8317871,72.3170624,278.3534241,308.3929749,351.472229,279.6834717,333.2227173,341.6810608,242.4606171,364.9547119,453.4223633,198.8657684,190.2289124,72.3170624,180.7364655,247.7313538,197.0957031,323.1237183,317.9303894,231.8560486,241.7127533,226.8375397,256.1522827,257.7072449,285.6106873,253.9840546,279.1079407,351.9691467,205.5634918,282.7192383,409.5775146,315.6177063,348.2234802,287.4430542,243.786377,195.2459717
A5YKK6,32.77422714,27.53331947,33.55640793,34.73662567,30.05256271,22.41895103,32.32833862,31.14951706,40.90007782,28.31049156,32.75789642,34.86083603,24.20400429,25.91165161,29.91379547,25.50876808,37.61917877,27.30475426,34.66788101,32.95245743,38.98033142,32.81468582,24.43271255,26.86594009,38.94020462,32.49388885,42.89509964,35.93663788,20.38311005,34.06535721,29.46587372,42.97533035,34.54589081,31.10881805,24.15856171,29.07518768,35.14351273,36.54406738,24.69690704,22.68064499,35.60509109,34.06098557,27.35200882,31.7521286,31.49302673,28.31357384,31.49784279,25.1572628,34.19274902
A6NC98,2.4674754145,2.4674754145,31.59109306,2.4674754145,2.4674754145,2.4674754145,17.08276939,2.4674754145,22.68423843,11.93596077,7.369585514,2.4674754145,71.13226318,84.93943024,2.4674754145,2.4674754145,2.4674754145,16.96769524,23.48521042,34.94695663,2.4674754145,115.1140137,2.4674754145,10.74676323,17.98530769,13.08353901,2.4674754145,2.4674754145,2.4674754145,2.4674754145,66.89743042,26.10718536,2.4674754145,2.4674754145,128.3297729,4.934950829,2.4674754145,2.4674754145,2.4674754145,2.4674754145,2.4674754145,2.4674754145,10.95975113,2.4674754145,2.4674754145,2.4674754145,2.4674754145,2.4674754145,2.4674754145
A6ND36,13.29115772,17.94857979,16.69059563,27.46237183,9.597135544,13.82420731,3.73085618,4.822583675,9.062151909,7.095376015,6.723704815,11.42338848,1.078464985,1.078464985,1.078464985,2155.048828,7.929899216,1.078464985,1.078464985,1.078464985,1.078464985,5.255768776,703.74823,1.078464985,5.211983681,5.992568493,1.078464985,13.93490887,1.078464985,1.078464985,8.635786057,657.6174316,12.50531578,8.113449097,1.078464985,6.440276623,6.762185097,1.078464985,1.078464985,1.078464985,319.1820374,13.10124207,1.078464985,6.130258083,14.14831257,2.15692997,1.078464985,9.101592064,1.078464985
A6NDG6,3.1804435255,57.20687866,30.87135124,3.1804435255,6.360887051,43.90050125,14.10698128,70.2106781,50.46242905,74.4783783,72.22267151,66.73108673,124.8540878,105.0905304,138.628067,55.2203331,74.57356262,45.67226028,55.60127258,118.4307022,98.64021301,49.66234207,73.95314026,24.13126945,82.2539978,61.36730576,3.1804435255,75.92821503,16.49188614,79.60229492,3.1804435255,3.1804435255,107.8339691,75.19516754,52.78564072,3.1804435255,73.75748444,131.5983429,61.06099319,78.66977692,51.59991455,33.88919449,50.9810791,52.09158707,57.55231857,50.03114319,69.67958069,77.21514893,55.82643509
A6NFQ2,209.0031281,33.31470871,54.77375031,112.893364,25.74558067,28.31817627,511.0899353,57.24303436,66.80556488,37.34566879,62.11138153,45.85517502,35.64557648,7.526608465,207.5392151,109.2572098,276.1509094,219.9336395,168.7979736,233.3975067,233.7639008,325.9933777,92.17430878,86.71789551,415.0580444,332.6528625,7.526608465,277.1101074,7.526608465,289.0996399,96.9139328,237.7723083,221.4591064,271.5729675,123.0990295,211.2079315,205.8056946,203.5386963,265.1268005,7.526608465,284.1848755,235.5367279,15.05321693,222.690567,245.440506,141.170639,178.2218628,292.1922607,88.91279602
A6NHR9,19.51600838,33.47992325,35.22256088,13.26427364,19.49330902,17.51366043,36.10575867,63.07978821,20.44827652,1.6564029455,12.97385597,23.09331512,27.98099518,55.81798935,1.6564029455,14.48399448,15.41961956,16.50780869,20.73048019,16.75876808,1.6564029455,26.37251472,1.6564029455,1.6564029455,26.8255806,15.83183575,15.43468189,59.91670227,28.57490349,27.40863419,35.52667618,54.58701706,1.6564029455,9.220778465,1.6564029455,9.508101463,25.13627052,15.27667141,24.45250893,1.6564029455,9.436948776,15.62506104,1.6564029455,21.41676903,1.6564029455,14.1213541,1.6564029455,1.6564029455,31.98300934
A6NIH7,97.76811981,2.961446047,2.961446047,78.54795837,8.907787323,2.961446047,2.961446047,2.961446047,2.961446047,2.961446047,2.961446047,2.961446047,2.961446047,2.961446047,2.961446047,2.961446047,2.961446047,2.961446047,2.961446047,2.961446047,2.961446047,2.961446047,2.961446047,2.961446047,94.98539734,169.6792297,14.63163948,13.2446909,2.961446047,2.961446047,2.961446047,2.961446047,34.13130951,145.3188019,2.961446047,2.961446047,2.961446047,2.961446047,2.961446047,2.961446047,2.961446047,138.3942719,2.961446047,141.863739,9.45519352,2.961446047,2.961446047,2.961446047,2.961446047
A6NMZ7,2260.381348,514.6306152,581.59552,685.0693359,565.2912598,265.5647583,168.1757813,716.2696533,588.1325684,763.5447998,343.8352966,101.4976425,523.2008667,693.8399048,729.3215942,584.0323486,578.7553101,1310.771851,353.7453613,698.0415039,289.4881592,534.2234497,748.0961914,725.6516724,312.7583008,705.9221802,285.6759033,989.3240967,211.1076965,475.9258728,171.588562,251.1961823,161.3151703,299.4387817,487.190918,205.3087616,274.4233704,184.8941498,821.3800049,436.2776489,413.1565247,652.4281006,273.1005249,1172.156494,5103.493164,156.6006317,1182.09314,448.1331482,372.1270752
A6QL63,3.620946169,3.620946169,3.620946169,50.87407303,3.620946169,3.620946169,3.620946169,3.620946169,3.620946169,3.620946169,3.620946169,3.620946169,3.620946169,3.620946169,3.620946169,3.620946169,3.620946169,3.620946169,3.620946169,3.620946169,3.620946169,3.620946169,3.620946169,3.620946169,3.620946169,51.52021408,3.620946169,36.70452881,3.620946169,3.620946169,3.620946169,3.620946169,3.620946169,3.620946169,3.620946169,3.620946169,3.620946169,3.620946169,24.74642181,3.620946169,3.620946169,3.620946169,3.620946169,3.620946169,3.620946169,3.620946169,3.620946169,3.620946169,3.620946169
A7E2V4,49.39603043,3.9040794375,3.9040794375,47.93777466,40.40576172,3.9040794375,3.9040794375,27.52021599,3.9040794375,3.9040794375,39.39735413,72.66853333,3.9040794375,53.29353333,3.9040794375,3.9040794375,42.16120529,3.9040794375,3.9040794375,3.9040794375,3.9040794375,3.9040794375,3.9040794375,3.9040794375,56.3621521,74.08875275,3.9040794375,3.9040794375,3.9040794375,51.71220779,3.9040794375,3.9040794375,3.9040794375,3.9040794375,3.9040794375,3.9040794375,3.9040794375,3.9040794375,3.9040794375,3.9040794375,81.37758636,34.2197113,3.9040794375,3.9040794375,3.9040794375,72.77404022,3.9040794375,3.9040794375,3.9040794375
A8K2U0,710.6751099,802.7631226,742.4567871,784.625061,602.9734497,328.8087463,627.8128052,507.3475342,458.8367615,538.892334,520.4436646,329.3273315,597.0252075,507.3902893,512.4790649,627.7438354,1059.258911,333.0226135,806.6082153,747.0163574,261.353302,787.5262451,1467.310303,997.2377319,1206.990112,1238.550659,114.9096222,1481.814697,1723.506714,1015.155457,668.4133911,711.5075073,1062.218872,1034.490845,912.7704468,1105.655029,843.3106689,1819.829346,608.8572998,1091.4552,640.1008911,916.8110962,1306.541504,666.7924805,484.6101379,632.1295166,488.7431946,458.2902222,841.6230469
A8MQ03,6.22678232,6.22678232,6.22678232,6.22678232,6.22678232,6.22678232,25.20067215,6.22678232,6.22678232,6.22678232,6.22678232,6.22678232,6.22678232,6.22678232,6.22678232,6.22678232,6.22678232,6.22678232,6.22678232,6.22678232,6.22678232,6.22678232,6.22678232,6.22678232,6.22678232,6.22678232,6.22678232,6.22678232,6.22678232,6.22678232,6.22678232,6.22678232,6.22678232,6.22678232,6.22678232,6.22678232,6.22678232,6.22678232,6.22678232,6.22678232,6.22678232,6.22678232,6.22678232,6.22678232,6.22678232,6.22678232,6.22678232,6.22678232,6.22678232
A8MVS5,3.2698409555,3.2698409555,3.2698409555,3.2698409555,44.35721207,3.2698409555,3.2698409555,3.2698409555,3.2698409555,3.2698409555,3.2698409555,29.67015076,3.2698409555,132.1148529,3.2698409555,3.2698409555,3.2698409555,3.2698409555,40.83226013,43.57234955,54.65458679,3.2698409555,32.26284409,3.2698409555,3.2698409555,3.2698409555,3.2698409555,3.2698409555,3.2698409555,3.2698409555,48.18811798,66.88580322,3.2698409555,3.2698409555,3.2698409555,3.2698409555,3.2698409555,3.2698409555,3.2698409555,3.2698409555,3.2698409555,3.2698409555,3.2698409555,3.2698409555,3.2698409555,3.2698409555,3.2698409555,3.2698409555,3.2698409555
A8MXV4,60.1083107,133.3093262,56.08168793,33.15823746,8.897446632,4.448723316,46.84423065,61.68663025,40.16219711,81.38887787,71.43427277,51.74768448,30.41587639,39.73001099,90.93856812,4.448723316,20.39306641,54.4579277,60.81858063,68.92841339,86.75405884,60.76644135,4.448723316,22.20616531,86.64802551,115.5447464,4.448723316,4.448723316,4.448723316,56.92702103,73.85765076,4.448723316,4.448723316,62.9152832,57.03898239,53.44247818,78.82281494,52.98500443,65.04753113,4.448723316,45.04402924,38.58272934,73.93574524,51.20079041,55.12854767,28.64250183,56.09787369,67.03517151,4.448723316
A8TX70,1628.173462,136.6362,200.5071106,724.5828857,269.151886,643.0941772,224.7559814,148.2506409,175.2136078,558.9209595,124.1194,70.00852966,165.6514587,387.6704407,157.0963135,123.6963959,143.1082458,205.0562592,250.219223,369.8817139,126.3897095,668.7532959,922.8643188,417.3002625,205.1419373,531.8970947,499.5979919,467.6393127,156.5814667,97.53887939,531.8932495,254.9736176,157.0506439,520.8383789,129.0571594,549.0071411,518.4456787,290.8935547,492.2911987,820.5987549,166.0895691,486.3357849,270.8910828,107.7289658,2385.333252,35.54679871,673.5973511,740.6282349,357.9579468
A9UHW6,3.168148041,3.168148041,7.604609489,33.85401917,3.168148041,3.168148041,37.34965134,3.168148041,51.77295303,24.57282639,3.168148041,48.38634491,3.168148041,35.80391312,3.168148041,3.168148041,29.89648247,30.82116508,19.88948631,30.83034897,3.168148041,17.00297737,38.96767426,3.168148041,3.168148041,3.168148041,90.06533813,14.03726864,3.168148041,3.168148041,35.7076149,3.168148041,3.168148041,46.6074295,3.168148041,26.85492134,3.168148041,18.72875023,3.168148041,3.168148041,20.30251122,3.168148041,3.168148041,3.168148041,3.168148041,59.07320786,3.168148041,3.168148041,3.168148041
B0I1T2,98.14854431,66.65473938,82.64744568,74.27666473,89.32299805,96.40258026,83.46762085,83.44502258,122.2431335,85.96170044,100.1877899,80.59130096,57.08860779,160.5031433,18.56213379,75.68586731,82.21092224,71.62057495,131.6299896,143.4677277,94.91785431,88.7773056,94.90077972,65.87194824,110.9894409,71.63279724,111.7994614,63.9319725,80.30886078,100.5733795,110.1657639,123.343689,53.42890549,87.41014099,72.4174118,58.82078552,77.90395355,74.61986542,98.68954468,79.84216309,52.92217255,73.26132965,62.35372162,53.41244888,109.8662643,56.58465576,53.47803879,74.17469025,66.17938232
B1AK53,20.80364418,2.2888889315,15.00525093,4.577777863,5.965153217,2.2888889315,27.52262497,2.2888889315,2.2888889315,10.81432629,14.65024281,2.2888889315,2.2888889315,6.511163712,2.2888889315,2.2888889315,28.49518585,10.44179058,12.42512989,14.98603058,2.2888889315,16.1865406,17.69750214,2.2888889315,32.81502533,14.27205467,2.2888889315,27.15789795,2.2888889315,7.968103886,8.72787571,2.2888889315,41.52238083,16.67803764,8.328263283,28.12578201,5.875299454,27.58786392,15.51639843,2.2888889315,12.25800228,14.9300909,26.57638168,11.50675488,16.96248055,25.2502861,44.38653946,2.2888889315,30.87262726
C9JLW8,63.91852951,6.50081539,6.50081539,82.30880737,60.90612411,6.50081539,92.01828003,69.5259552,87.75854492,66.00498199,52.92386246,83.81602478,6.50081539,6.50081539,6.50081539,6.50081539,57.27270126,92.20532227,6.50081539,6.50081539,82.62059021,6.50081539,47.22584534,6.50081539,52.33321762,6.50081539,6.50081539,6.50081539,6.50081539,106.6545944,6.50081539,6.50081539,6.50081539,28.15596962,13.00163078,37.04086685,6.50081539,80.80230713,69.00611115,6.50081539,69.29067993,45.81267929,6.50081539,6.50081539,45.10191727,61.90144348,6.50081539,6.50081539,74.74410248
L0R6Q1,170.8342133,94.0246048,79.49943542,69.016922,91.91397095,45.13307953,110.9485626,107.7440033,95.18733215,90.85866547,67.66655731,69.23316956,110.5944138,68.87160492,68.8352356,59.66407394,179.102478,121.6663742,137.4875336,183.6392517,83.99762726,129.1502075,151.7422333,77.71211243,228.2102661,111.2698364,218.5206909,123.1858368,157.9365692,108.132988,123.4408493,163.331955,179.8132019,112.7968445,175.2265472,121.0702896,87.18833923,159.8208313,130.1437988,102.1934967,154.3153381,101.5102463,88.08863068,129.8643799,86.08127594,91.03857422,134.9173431,126.9465866,92.47712708
L0R819,58.8139534,42.8598671,28.33805847,42.30827713,33.19014359,22.79446793,35.62594604,47.38867188,64.99345398,71.66600037,39.31296539,19.29770279,6.32167721,30.99241829,37.21065521,6.32167721,48.1253624,71.33878326,71.98887634,33.55278015,25.48586655,60.66975784,38.39678955,36.2013588,85.58213806,66.6885376,6.32167721,61.15400314,6.32167721,49.61297226,25.94602966,51.97746658,45.96862793,51.03227234,38.22887802,70.94052124,56.87747574,56.36946106,6.32167721,31.34630394,50.56626511,39.04388046,6.32167721,40.32288361,38.71094131,53.14405441,25.11050987,55.00114822,42.9102478
O00115,525.479187,294.8504944,173.4347382,330.707428,159.2765198,168.6241608,339.5621948,262.5792236,226.926239,352.7885437,547.0187378,424.4987488,257.675293,235.7380829,320.7915955,295.2833557,391.7210083,356.3574219,408.2834167,374.4331665,381.1656494,324.2330322,452.0194397,263.9267883,315.2363281,418.3365479,157.1787567,417.3483887,50.36421204,308.4072876,235.414505,242.6497192,770.3151855,312.0554199,221.5467987,386.5578003,248.6863708,679.1091919,284.0148926,339.3418274,164.7298889,265.6595459,222.103714,313.0877686,342.5801697,228.2343597,175.3356934,232.9803314,202.0415649
O00116,64.94561005,85.27643585,69.40827942,77.66243744,58.06837845,81.50236511,53.83481979,73.35333252,75.4141922,63.37781143,51.99996567,63.28725433,90.91495514,71.59714508,57.00759506,36.51182938,74.37343597,53.75492859,87.84011841,61.89774704,135.2671967,88.65214539,59.50597763,43.06082916,64.03382111,78.32672119,153.9188995,60.27150726,61.63437271,62.48954773,39.62162781,12.037166595,67.21718597,51.86925125,46.17977142,65.50978851,86.82416534,73.08048248,67.43354034,74.21455383,71.60163116,46.69123077,66.98696899,71.84632874,53.93106842,54.99050522,49.26741791,75.92747498,64.02216339
O00139,55.15258026,74.30261993,82.17759705,57.87183762,49.14639664,67.70809174,85.14112091,23.35074234,31.24509048,67.58029938,53.35571289,39.10939407,11.67537117,43.58904648,63.8878479,65.6930542,66.97888184,54.2876091,69.36737823,53.25318146,116.3553925,42.22582245,48.802948,51.32579803,63.09937668,41.48513412,109.5201569,55.82269287,82.24732208,68.63915253,68.96165466,81.61711884,46.82458496,48.32242203,11.67537117,52.62540817,55.96836472,51.6879425,82.89765167,46.00228882,56.62874603,60.78201294,56.12363815,59.29667282,47.63705063,76.02394104,59.71749115,11.67537117,64.71498871
O00142,78.79567719,147.6915741,108.5338516,102.9388275,104.6934738,99.21604156,116.3814087,129.1004181,124.9203949,81.04840851,80.23464966,65.02254486,103.0302124,110.7204819,246.8874664,93.11454773,141.7606659,106.9649582,150.5389252,117.6429214,145.8259125,106.2646103,143.8278656,144.4163666,174.9496155,95.53266907,260.966217,71.81434631,194.9626007,90.9103775,116.0273285,121.1616516,124.1634674,116.0800934,161.0825806,112.8880234,122.7026825,132.4297791,132.4205475,143.6065826,115.2452545,91.10700989,105.2564392,138.4363098,120.5209198,116.3514709,138.4853821,110.8086929,68.44962311
O00148,718.3369751,582.0482178,696.1136475,667.2183838,612.461853,552.5491943,674.2233276,718.84729,655.5967407,584.2582397,744.8074341,619.2435303,526.7982178,531.5583496,645.276123,488.1743164,743.8540649,812.6988525,636.9735107,616.9180298,601.8430176,583.9698486,632.4013062,377.689209,753.8410034,666.8287354,363.2103882,711.1873779,346.2022095,673.3741455,493.2736816,798.2151489,871.8432617,706.616272,588.7536621,619.9338989,593.3607178,647.0284424,706.1917725,612.8302612,650.8273926,708.3865967,574.3364258,603.1184082,694.8989258,722.7543945,461.6809082,581.8552246,648.5405884
O00151,1168.3927,716.3252563,855.4054565,942.6126099,742.6044312,981.4310913,723.0529785,838.6173706,1076.148926,940.4024658,864.9036255,1215.78418,615.4152222,514.4837646,759.946228,605.1242065,761.2321167,1101.147339,481.3514099,654.0462646,742.0828857,946.6921997,580.618042,584.8035278,1276.741699,617.7185059,1862.284058,838.5227661,1336.872803,984.8370361,673.4068604,852.6313477,1331.87146,643.9022217,740.1537476,573.9215088,647.3815308,622.0718994,652.8652344,567.8778687,881.1848755,648.505249,665.6104126,795.3981323,1061.966187,1390.211182,591.0556641,730.8145142,1016.097229
O00154,123.0540619,81.63399506,103.8038483,120.4657211,142.7566681,99.41843414,130.8552704,136.5950012,136.0858917,128.8740234,186.3668365,156.0007019,110.7051239,109.0281219,99.40388489,94.27539825,131.1235046,152.1694183,132.2266083,110.6578522,105.5408554,123.6894608,107.0309448,107.5189362,140.1555786,117.9443283,224.1189575,122.3301697,95.08100128,129.1595001,164.937973,110.5400391,224.7398529,191.1525574,96.45114136,112.4545135,114.1924438,200.5319824,178.5767822,151.8457489,149.5770721,167.8155518,141.5647583,149.0355988,98.22793579,117.4650421,107.0681992,169.1553192,118.2966309
O00159,551.1012573,768.166687,819.9165649,674.8329468,692.5284424,643.2946777,600.3989258,797.0796509,908.3562012,717.8692017,593.3929443,578.9017334,649.0145264,489.5695496,998.9511108,631.5313721,625.9779663,662.2164307,565.5996094,541.2171631,768.8390503,800.5421143,616.2088013,892.0443726,650.1425171,512.5401001,2371.311035,602.5324097,3185.961182,698.9351196,541.8614502,456.618866,465.2282104,558.8264771,651.4974365,635.338623,600.2271729,599.6092529,711.6940918,661.8692017,745.888916,738.8184204,666.1902466,649.78479,582.4633179,642.621521,696.2331543,640.7001343,603.6168823
O00160,80.81767273,6.029294015,6.029294015,31.59913254,31.19976425,49.97539902,43.58643341,64.96764374,64.01220703,44.2678299,61.79873657,77.56692505,6.029294015,199.1831512,6.029294015,46.45951462,19.16455078,34.14207458,83.43180847,107.5127487,93.93379974,39.83956909,44.42088318,6.029294015,44.9214325,17.64811707,88.88437653,29.79322243,6.029294015,47.52554703,106.3564301,155.220932,6.029294015,50.3699646,6.029294015,18.74621582,54.64611816,53.56049347,6.029294015,40.71999741,55.29791641,31.11016655,6.029294015,63.38637924,17.91715431,49.90868759,6.029294015,6.029294015,38.87854385
O00161,126.1759262,172.5457001,117.3337784,116.0881271,86.60691833,122.8056488,89.96390533,112.1754532,130.0639191,106.3925018,140.252594,115.5904846,112.4315567,160.7979584,103.572937,87.1268158,88.45574951,125.6784286,111.764328,95.42046356,106.8700027,142.4462585,126.5964813,120.9677811,129.8852081,106.1677017,229.2848816,97.35262299,184.1266937,102.9339371,99.65083313,108.4619141,120.6472626,95.9312973,114.0501938,100.5332336,105.6698608,97.444664,132.8017273,157.2830963,102.2318802,100.233139,87.70275879,101.5012894,87.95707703,87.2884903,92.59382629,103.2823029,135.9972992
O00165,20.53159523,20.53159523,20.53159523,20.53159523,20.53159523,20.53159523,20.53159523,20.53159523,20.53159523,20.53159523,20.53159523,20.53159523,20.53159523,20.53159523,20.53159523,20.53159523,20.53159523,20.53159523,20.53159523,20.53159523,20.53159523,20.53159523,20.53159523,20.53159523,932.428894,20.53159523,20.53159523,20.53159523,20.53159523,20.53159523,20.53159523,20.53159523,20.53159523,20.53159523,20.53159523,20.53159523,20.53159523,41.06319046,95.60057068,20.53159523,20.53159523,20.53159523,20.53159523,20.53159523,20.53159523,20.53159523,20.53159523,20.53159523,20.53159523
O00170,95.52965546,132.6628723,134.1697083,140.4911346,141.8731842,132.2517853,139.9382324,107.2907486,111.9069214,111.1683502,148.2432709,133.3957062,69.64911652,115.4992523,70.66617584,64.95658875,117.9879837,139.1393738,107.4399414,118.2096252,147.149292,144.8490601,117.6863098,58.81250381,128.3891296,122.904686,185.689682,122.3866043,110.7024994,115.355484,96.50688934,107.2111359,130.6164246,107.0760498,91.8207016,81.23238373,133.4708862,155.7892914,142.717392,92.03126526,121.1529312,141.6273193,126.4192581,96.48256683,121.0344543,136.0795746,110.9764557,63.72165298,104.9640198
O00178,27.30830383,30.73138618,6.001996994,38.16876602,34.79491043,16.79558182,65.52884674,6.408422947,85.54051971,26.95107841,32.5341301,8.859397888,3.000998497,79.32662201,35.02618408,81.28425598,66.18527222,24.91705513,21.10568237,22.50016975,3.000998497,30.99125671,51.33115005,3.000998497,46.71665955,22.04421425,3.000998497,50.96637344,88.28900909,47.71847153,19.80629158,79.33431244,50.33694458,30.93600273,46.37058258,35.19133377,3.000998497,49.94277954,60.98802948,19.66783905,44.73834229,32.43484116,38.00640869,41.30038071,30.02447701,24.26901054,33.20458984,36.93520737,22.00156975
O00182,43.66149139,28.69187546,40.96340561,29.57699203,32.63251877,18.2494812,60.09054565,62.98119736,17.70809746,19.26382637,76.54644012,62.24898148,29.06779099,52.99534988,1.980410218,1.980410218,30.67638206,39.89161682,31.23273087,29.24772263,27.91499519,23.51753616,1.980410218,1.980410218,42.43735123,15.30344963,145.3097076,20.04463959,27.20607948,38.78957748,39.09206772,1.980410218,8.635493279,16.73647881,10.44132805,27.70875168,19.69979858,55.61992645,29.68714142,25.48112679,69.44741821,7.297939777,37.43271637,37.22223663,35.41375732,24.96656799,1.980410218,38.28502655,22.12274742
O00186,163.8041992,186.8929596,182.0595856,207.3243713,158.0303192,140.7923431,181.7978973,152.3495178,157.8683624,134.7252197,158.6620026,128.1717834,163.8034973,117.6720886,143.8855743,130.2841492,167.4549561,147.1426086,149.0740814,169.5625153,146.4052734,196.3764496,182.4004517,123.5357742,203.2409058,213.4351044,187.3396912,152.0778656,187.7432251,161.877182,149.8672943,176.5312958,136.7501984,172.5702515,178.5845642,161.4254303,164.4230957,134.8156128,164.6277771,129.1242828,141.0148773,163.0300598,167.0062866,157.1171112,164.7337189,150.9037018,168.1834564,137.0713348,129.5196991
O00187,84.4000473,10.394667625,10.394667625,74.00093842,72.38304138,246.5193939,119.6763077,108.4067993,47.89922333,151.3250732,191.5551147,40.48740005,104.2091599,37.01249695,202.8144073,119.9754257,80.82754517,213.0153809,110.1265182,10.394667625,119.4825058,63.76076508,117.5144806,150.265625,71.29351807,158.3579712,167.4594269,159.979126,146.5825653,135.3644562,130.1040039,194.0415497,98.37586212,151.3366241,203.3143463,127.6720581,164.8825836,118.1500702,157.2765045,91.6982193,97.36837006,93.77931976,157.729187,95.93596649,79.05711365,122.1682053,171.5495605,133.8286438,92.63549805
O00189,1.9665925505,1.9665925505,1.9665925505,1.9665925505,1.9665925505,1.9665925505,1.9665925505,1.9665925505,1.9665925505,1.9665925505,1.9665925505,1.9665925505,1.9665925505,1.9665925505,1.9665925505,1.9665925505,1.9665925505,1.9665925505,1.9665925505,1.9665925505,1.9665925505,1.9665925505,1.9665925505,1.9665925505,1.9665925505,1.9665925505,1.9665925505,1.9665925505,1.9665925505,1.9665925505,1.9665925505,1.9665925505,1.9665925505,1.9665925505,1.9665925505,1.9665925505,1.9665925505,1.9665925505,1.9665925505,1.9665925505,1.9665925505,1.9665925505,1.9665925505,1.9665925505,1.9665925505,1.9665925505,1.9665925505,1.9665925505,1.9665925505
O00192,5.899089335,21.49779129,20.64203262,34.77083969,46.22105789,5.899089335,37.98909378,5.899089335,5.899089335,39.53510284,5.899089335,40.34548569,25.11415482,36.80690002,16.15808105,5.899089335,50.3330307,25.49920082,5.899089335,14.97274399,5.899089335,5.899089335,29.91275787,5.899089335,32.40871811,24.17793083,5.899089335,11.79817867,27.50429916,5.899089335,5.899089335,5.899089335,19.83861351,30.25182343,32.25405121,24.40901375,15.42185688,26.72275543,26.11706352,5.899089335,23.32561493,23.58777046,5.899089335,26.28481483,5.899089335,31.7170887,5.899089335,5.899089335,5.899089335
O00193,34.99884796,1.459885478,1.459885478,15.13281155,5.537582874,1.459885478,10.21114922,9.701041222,1.459885478,12.00558567,9.230113029,17.32230949,1.459885478,1.459885478,1.459885478,1.459885478,1.459885478,1.459885478,1.459885478,1.459885478,1.459885478,7.259154797,1.459885478,1.459885478,1.459885478,11.67032242,1.459885478,1.459885478,1.459885478,19.58683014,12.50939751,1.459885478,14.19768715,1.459885478,1.459885478,1.459885478,1.459885478,32.08664322,1.459885478,1.459885478,1.459885478,1.459885478,1.459885478,1.459885478,1.459885478,7.342229843,1.459885478,1.459885478,1.459885478
O00194,189.1871033,102.6995621,183.3647156,177.895752,163.9087067,195.0069275,195.4107971,131.3710938,194.0663147,176.9862823,114.4928131,162.0688324,233.7614441,103.7105179,143.266922,202.1627502,242.558075,210.9777832,142.8180084,167.3567657,162.1985168,208.9706726,197.0268402,165.1975403,190.0006714,172.1539001,1361.008911,235.0173492,177.9424591,144.5181427,256.2120361,127.0822754,282.9317322,145.950531,181.3929596,287.9912415,113.5194473,344.6696472,168.3321991,216.4839783,228.9238129,169.8724518,161.2841492,200.650177,207.1304932,150.6243591,184.6094055,167.4134216,218.593277
O00203,172.2890778,158.5517426,180.0159302,174.6096344,166.5436554,170.813736,167.9452667,194.9248505,181.1979218,163.3324127,161.3825226,196.1016541,166.9612122,149.3429108,190.2887726,160.8785248,186.0977936,168.6586609,174.0265198,181.7335663,200.8278503,215.7783813,160.0008087,149.1707611,195.344101,225.4008179,247.1257477,169.3201752,135.7357941,203.7787018,167.5095825,203.2532654,145.6928406,195.6609192,128.9658356,172.6267548,210.9691925,172.2886658,159.043869,129.4225464,175.9707031,173.9665222,172.5564728,162.3293152,163.7574005,205.1048279,169.1802521,156.2236938,157.333313
O00204,265.6643372,93.85652161,173.6289368,298.7225342,107.7631989,60.27825546,395.3318481,240.1804047,168.0928497,243.7778931,217.1754608,265.7106628,263.8416443,241.8378296,155.2351532,226.931366,408.9058838,332.0296936,350.1647949,349.6608276,198.5148621,364.1533508,330.3122559,94.04087067,339.4393921,421.7833862,30.13912773,459.867218,30.13912773,364.9306335,487.0888977,263.7356567,674.1533203,367.783783,417.7683105,357.8778992,420.6152344,501.3464355,414.3173523,525.4415894,259.3742676,430.3518982,226.9846191,274.3860779,290.0767212,340.8126526,234.5848999,203.6001587,294.365448
O00214,53.19993973,48.30136108,42.71459961,60.84486389,47.13780212,10.300709725,56.64441681,49.0155983,41.83880997,56.494133,64.13619232,54.87813568,71.88764191,58.59647751,26.77900124,45.83213425,66.10836029,47.68725586,56.21583939,63.72189331,75.49472046,67.9545517,59.64482498,59.44770813,60.60326385,61.23675537,98.29341125,51.04660416,57.51490402,45.74144363,46.36981201,54.42802811,84.57630157,65.76921082,83.74765015,51.18009949,61.23762512,61.33661652,57.57207108,57.75284195,48.40605545,57.09151459,58.38569641,82.6989212,55.74631119,50.54944229,44.06821442,54.26389694,53.62567902
O00217,297.3800659,327.2870789,296.5671082,314.0070496,336.3269043,302.1915588,297.337738,390.3778687,333.2011719,291.315033,320.2133789,328.2987366,388.5661316,238.9826508,430.030426,407.9068909,353.987915,394.3105469,395.0397339,393.5307312,425.4320984,378.1022949,432.2105408,307.089386,426.3098145,334.6307678,341.2244873,389.9155273,429.7594604,294.4349365,322.2436523,347.9142456,441.261261,446.1287842,316.0808411,364.7223816,457.5868835,585.3964844,391.4108582,332.5163574,339.6609192,315.3478699,290.4797974,336.407196,360.8773193,344.5992432,361.2211914,449.5123596,333.7598572
O00231,346.0452271,288.1507568,314.1954651,353.6551514,295.0577393,271.8383484,320.925293,283.265625,301.0161438,299.8139648,285.608551,309.9673157,303.5483398,285.0357666,258.3065796,248.6955566,349.8275146,330.9279785,310.8173523,287.513031,304.2759094,343.4008179,277.5307922,246.6167908,370.0104065,391.1295471,353.9546814,367.493866,244.0025177,332.426178,306.7240295,331.1127014,385.6567993,355.8842773,322.467926,333.5919495,349.8145447,337.1247559,299.0528259,314.0144043,307.3327332,325.322113,280.1900635,276.1663818,319.0133667,286.5263977,299.9657288,340.4176025,300.0742798
O00232,169.7599335,153.1855774,186.7268982,189.4268646,166.4933167,155.1809235,156.3856049,172.3460999,176.8712006,156.8448181,160.1158905,181.4431458,193.8438873,150.4586792,216.0598602,148.412674,174.0798187,157.2680206,175.8128357,152.0095673,180.6888885,195.1991882,152.1016846,128.2725983,186.6529236,194.5923157,236.0386047,160.2617798,144.1785889,177.5182495,177.4566803,179.8369141,239.9825745,189.2363586,189.6598969,165.3930359,183.5275269,177.2750549,178.9981384,153.0964508,158.0995941,167.030777,150.3569641,144.1455231,169.4190826,175.4150085,155.5192719,118.9668961,163.7868347
